account_id,initial_deal_size,mrr,n_months_active,avg_active_users,last_active_users,active_users_trend,avg_features_adopted,features_adopted_trend,avg_logins,logins_trend,n_tickets,n_high_severity,pct_unresolved,avg_resolution_days,account_tier_Mid-Market,account_tier_SMB,plan_Growth,plan_Starter,billing_frequency_Monthly
A000000,33548,2818.63,22.0,15.181818181818182,18.0,0.3591191417278373,6.545454545454546,0.2315076228119706,221.04545454545453,5.6245059288537576,4.0,0.0,0.0,4.4,True,False,True,False,False
A000001,59712,5445.96,15.0,18.866666666666667,21.0,0.05714285714285763,4.0,1.4984599085366893e-16,269.93333333333334,1.549999999999998,9.0,2.0,0.11111111111111116,4.7,True,False,True,False,False
A000002,16272,1411.18,21.0,5.0,5.0,-6.827181010695362e-17,3.0,-1.533878681486988e-17,68.42857142857143,0.4649350649350655,13.0,4.0,0.23076923076923073,3.14,True,False,True,False,True
A000003,59278,5353.96,24.0,18.625,18.0,-0.036956521739130686,4.0,-1.3253037582320373e-16,266.7083333333333,-1.5560869565217472,13.0,1.0,0.15384615384615385,2.818181818181818,True,False,True,False,False
A000004,5258,471.53,5.0,2.0,2.0,-2.1015841478911518e-16,4.0,-4.2031682957823036e-16,23.6,-0.09999999999999928,6.0,0.0,0.16666666666666663,2.88,False,True,False,True,True
A000005,5572,431.08,21.0,2.8095238095238093,4.0,0.0753246753246753,4.476190476190476,0.2532467532467532,38.523809523809526,1.3298701298701299,6.0,1.0,0.16666666666666663,5.180000000000001,False,True,False,True,False
A000006,16776,1526.71,26.0,5.0,5.0,-1.9548977463576823e-17,4.0,1.443850460211652e-17,69.07692307692308,-0.11076923076923066,9.0,1.0,0.0,4.066666666666666,True,False,True,False,True
A000007,17920,1668.13,11.0,6.909090909090909,9.0,0.33636363636363653,5.545454545454546,0.5000000000000001,97.45454545454545,4.772727272727276,3.0,1.0,0.0,4.533333333333334,True,False,True,False,True
A000008,23983,1850.91,22.0,7.0,6.0,0.013551665725578761,2.0,6.064101842980168e-18,96.86363636363636,0.4850367024280057,8.0,0.0,0.0,5.925000000000001,True,False,True,False,True
A000009,43963,3191.03,3.0,9.0,6.0,-2.9999999999999982,1.6666666666666667,-0.5000000000000003,137.0,-59.50000000000002,6.0,1.0,0.0,4.05,True,False,True,False,False
A000010,14316,1204.14,26.0,5.6923076923076925,7.0,0.15726495726495732,4.5,0.20341880341880347,78.6923076923077,1.2991452991452999,11.0,3.0,0.09090909090909094,4.38,False,True,False,True,False
A000011,23497,1945.13,2.0,5.5,3.0,-5.000000000000001,3.0,-2.0,82.5,-112.99999999999997,2.0,1.0,0.5,3.4,True,False,True,False,True
A000012,8786,751.27,2.0,2.0,2.0,-1.570092458683775e-16,3.0,-3.14018491736755e-16,22.5,-7.0,1.0,1.0,0.0,5.7,False,True,False,True,True
A000013,7240,620.63,9.0,1.3333333333333333,1.0,-0.11666666666666653,2.4444444444444446,-0.1666666666666665,20.88888888888889,-3.1833333333333327,10.0,4.0,0.30000000000000004,4.142857142857143,False,True,False,True,False
A000014,11453,1081.58,25.0,3.0,3.0,1.983778464620202e-17,3.0,1.983778464620202e-17,44.08,0.2584615384615381,11.0,2.0,0.09090909090909094,3.21,False,True,False,True,False
A000015,4485,329.89,5.0,1.4,1.0,-0.30000000000000016,2.4,-0.30000000000000054,15.6,-3.300000000000001,1.0,1.0,0.0,1.7,False,True,False,True,False
A000016,4598,424.82,35.0,2.742857142857143,4.0,0.04313725490196078,5.428571428571429,0.14733893557422967,34.628571428571426,0.20868347338935617,15.0,1.0,0.06666666666666665,4.564285714285715,False,True,False,True,False
A000017,9806,925.95,20.0,3.0,3.0,-3.45698662836618e-17,3.0,-3.45698662836618e-17,42.35,-0.5751879699248125,8.0,2.0,0.125,3.3714285714285714,False,True,False,True,False
A000018,4846,439.83,8.0,2.0,2.0,2.1985964165811086e-17,2.0,2.1985964165811086e-17,26.0,-0.1190476190476184,7.0,0.0,0.1428571428571429,4.45,False,True,False,True,True
A000019,11549,1036.69,5.0,3.0,3.0,-4.151461237982223e-16,4.0,-4.2031682957823036e-16,37.2,-0.20000000000000384,2.0,0.0,0.0,7.5,False,True,False,True,True
A000020,27104,2243.76,1.0,9.0,9.0,0.0,2.0,0.0,71.0,0.0,0.0,0.0,0.0,0.0,True,False,True,False,True
A000021,34041,2592.58,24.0,11.333333333333334,11.0,-0.02000000000000001,3.0,-3.7457782053856407e-17,156.125,0.3369565217391282,14.0,1.0,0.0,5.557142857142858,True,False,True,False,True
A000022,3795,279.31,9.0,1.4444444444444444,1.0,-0.1666666666666666,3.2222222222222223,-0.2166666666666665,19.444444444444443,-1.9999999999999991,14.0,5.0,0.4285714285714286,4.675,False,True,False,True,False
A000023,92912,6644.57,11.0,41.72727272727273,56.0,1.8999999999999997,5.363636363636363,0.5000000000000001,554.5454545454545,7.018181818181843,5.0,0.0,0.19999999999999996,4.575,False,False,False,False,False
A000024,1000,200.0,10.0,2.0,2.0,3.210841961564283e-17,4.0,6.421683923128565e-17,26.9,-0.13939393939394065,5.0,0.0,0.19999999999999996,3.0500000000000003,False,True,False,True,False
A000025,31870,2616.18,24.0,10.041666666666666,10.0,-0.023043478260869842,4.0,-1.3253037582320373e-16,143.70833333333334,0.449999999999999,12.0,1.0,0.16666666666666663,3.38,True,False,True,False,True
A000026,3310,300.46,20.0,2.0,2.0,-5.0064932503219396e-17,3.0,-3.45698662836618e-17,24.95,-0.47443609022556466,8.0,1.0,0.25,2.5166666666666666,False,True,False,True,False
A000027,1197,200.0,16.0,1.4375,1.0,-0.09264705882352943,2.4375,-0.09264705882352937,21.375,-1.2029411764705873,15.0,6.0,0.4,3.511111111111111,False,True,False,True,False
A000028,1060,200.0,9.0,2.0,2.0,1.3266277840460404e-16,4.0,2.653255568092081e-16,24.0,0.8666666666666675,1.0,0.0,0.0,2.4,False,True,False,True,False
A000029,2798,206.32,33.0,2.0,2.0,8.482309336103327e-18,4.0,1.6964618672206654e-17,26.12121212121212,-0.0013368983957215293,19.0,2.0,0.26315789473684215,5.05,False,True,False,True,False
A000030,2510,200.0,8.0,1.5,1.0,-0.19047619047619055,3.25,-0.261904761904762,16.125,-1.6309523809523827,3.0,1.0,0.33333333333333337,5.3,False,True,False,True,False
A000031,6529,594.47,16.0,2.0,2.0,1.5529913695070524e-17,2.0,1.5529913695070524e-17,26.75,0.6558823529411766,9.0,0.0,0.0,4.744444444444444,False,True,False,True,False
A000032,5544,428.92,7.0,1.5714285714285714,1.0,-0.21428571428571438,3.2857142857142856,-0.3214285714285717,21.714285714285715,-3.178571428571425,9.0,4.0,0.2222222222222222,3.2714285714285714,False,True,False,True,False
A000033,5314,417.08,29.0,2.0,2.0,-1.8400120122448966e-17,2.0,-1.8400120122448966e-17,1320.6896551724137,-14.236453201970448,14.0,1.0,0.0714285714285714,3.9769230769230766,False,True,False,True,False
A000034,5724,479.6,20.0,2.0,2.0,-5.0064932503219396e-17,3.0,-3.45698662836618e-17,25.7,-0.01804511278195546,12.0,1.0,0.08333333333333337,3.209090909090909,False,True,False,True,True
A000035,50649,3919.93,20.0,16.05,15.0,-0.038345864661654204,4.0,-1.0012986500643879e-16,219.1,-2.8646616541353445,9.0,1.0,0.0,5.155555555555555,True,False,True,False,False
A000036,11566,955.75,0.0,0.0,0.0,0.0,0.0,0.0,0.0,0.0,0.0,0.0,0.0,0.0,False,True,False,True,False
A000037,6464,545.68,18.0,2.0,2.0,7.059017484986522e-18,3.0,5.518364895570431e-17,25.0,0.20433436532507793,7.0,0.0,0.0,3.728571428571429,False,True,False,True,False
A000038,47925,4463.62,16.0,15.125,16.0,0.023529411764705792,3.0,6.941250574475034e-17,206.0,-0.07058823529411783,6.0,2.0,0.16666666666666663,3.4799999999999995,True,False,True,False,False
A000039,18429,1581.42,3.0,4.0,2.0,-1.9999999999999996,3.0,-1.0000000000000002,49.333333333333336,-4.000000000000002,3.0,0.0,0.6666666666666667,4.8,True,False,True,False,True
A000040,29375,2235.94,24.0,12.125,16.0,0.2395652173913041,5.583333333333333,0.22434782608695653,185.625,4.150869565217391,10.0,2.0,0.19999999999999996,3.4625000000000004,True,False,True,False,False
A000041,14445,1221.78,33.0,4.0,4.0,1.6964618672206654e-17,2.0,8.482309336103327e-18,48.54545454545455,-0.10394385026737855,11.0,0.0,0.0,3.3818181818181814,False,True,False,True,False
A000042,127333,9023.51,24.0,60.75,81.0,1.5999999999999994,5.583333333333333,0.22434782608695653,786.125,22.47434782608694,5.0,0.0,0.0,2.7,False,False,False,False,False
A000043,88108,7948.27,29.0,29.586206896551722,29.0,0.03399014778325101,4.0,-3.680024024489793e-17,456.3103448275862,-2.4167487684729108,11.0,2.0,0.0,5.245454545454546,False,False,False,False,False
A000044,14862,1226.71,32.0,4.0,4.0,1.0443137044053249e-16,2.0,5.221568522026624e-17,53.59375,-0.23442082111436793,15.0,5.0,0.06666666666666665,2.6499999999999995,False,True,False,True,True
A000045,13743,1288.07,10.0,2.8,1.0,-0.3272727272727271,3.2,-0.1818181818181817,36.7,-3.860606060606061,15.0,7.0,0.33333333333333337,4.02,False,True,False,True,False
A000046,100796,7295.41,21.0,32.76190476190476,36.0,0.12077922077922072,3.0,-1.533878681486988e-17,479.8095238095238,1.1818181818181972,11.0,1.0,0.09090909090909094,3.6399999999999997,False,False,False,False,False
A000047,16077,1253.2,10.0,3.4,2.0,-0.3636363636363634,1.6,-0.14545454545454548,44.4,-4.387878787878786,11.0,4.0,0.18181818181818177,5.444444444444444,True,False,True,False,False
A000048,13484,0.0,34.0,4.0,4.0,-2.1992818053185282e-17,3.0,6.353519540347771e-17,56.294117647058826,-0.2670741023682197,15.0,0.0,0.19999999999999996,4.316666666666666,False,True,False,True,True
A000049,31933,2970.94,35.0,9.82857142857143,10.0,-0.018207282913165184,2.0,1.843845606891692e-17,126.22857142857143,-0.8560224089635845,10.0,2.0,0.19999999999999996,3.9250000000000003,True,False,True,False,False
A000050,16044,1304.39,0.0,0.0,0.0,0.0,0.0,0.0,0.0,0.0,0.0,0.0,0.0,0.0,True,False,True,False,False
A000051,17354,1263.56,27.0,5.0,5.0,7.116137873999523e-17,2.0,2.1697170904448208e-17,68.85185185185185,0.6489621489621494,14.0,3.0,0.2142857142857143,4.118181818181818,True,False,True,False,False
A000052,16360,1189.58,29.0,5.0,5.0,1.3088764831282886e-17,3.0,-3.0921413744436907e-17,72.93103448275862,-0.13743842364532013,11.0,3.0,0.18181818181818177,3.9000000000000004,True,False,True,False,True
A000053,32915,3055.83,7.0,7.142857142857143,4.0,-1.0714285714285716,3.142857142857143,-0.2857142857142859,86.14285714285714,-19.892857142857142,4.0,1.0,0.25,4.933333333333334,True,False,True,False,False
A000054,12740,1146.99,15.0,4.0,4.0,1.4984599085366893e-16,3.0,3.9801698827525604e-17,60.06666666666667,1.6499999999999992,6.0,0.0,0.0,2.3000000000000003,False,True,False,True,True
A000055,1283,200.0,37.0,2.0,2.0,4.6828816128318734e-17,3.0,6.326632738553495e-17,1312.162162162162,0.04741583688952637,19.0,1.0,0.1578947368421053,3.84375,False,True,False,True,True
A000056,7993,728.93,20.0,2.0,2.0,-5.0064932503219396e-17,2.0,-5.0064932503219396e-17,27.35,-0.09248120300751919,7.0,2.0,0.1428571428571429,3.416666666666666,False,True,False,True,True
A000057,21070,1626.4,27.0,10.11111111111111,13.0,0.25702075702075716,4.481481481481482,0.19230769230769237,143.25925925925927,3.0787545787545803,4.0,1.0,0.25,3.233333333333333,True,False,True,False,True
A000058,31896,2537.98,10.0,14.4,20.0,1.1636363636363634,5.5,0.5151515151515151,239.6,23.854545454545452,7.0,0.0,0.1428571428571429,4.2,True,False,True,False,False
A000059,31805,2683.25,11.0,10.181818181818182,9.0,-0.10909090909090856,3.0,-1.2655971982378146e-17,150.0,-2.9363636363636343,7.0,1.0,0.0,3.3428571428571425,True,False,True,False,False
A000060,2216,200.0,28.0,2.8214285714285716,4.0,0.07142857142857138,6.428571428571429,0.18500273672687473,38.57142857142857,0.6918445539135195,9.0,1.0,0.0,3.5555555555555554,False,True,False,True,True
A000061,42884,3204.95,22.0,14.045454545454545,15.0,0.0254093732354602,4.0,1.2128203685960336e-17,212.45454545454547,2.9542631281761746,11.0,2.0,0.09090909090909094,3.08,True,False,True,False,False
A000062,21349,1581.69,3.0,10.333333333333334,14.0,3.0000000000000018,5.666666666666667,2.5000000000000004,109.66666666666667,29.50000000000002,2.0,1.0,0.5,9.2,True,False,True,False,True
A000063,12570,1055.69,15.0,4.0,4.0,1.4984599085366893e-16,4.0,1.4984599085366893e-16,55.93333333333333,-1.532142857142856,7.0,1.0,0.4285714285714286,3.6999999999999997,False,True,False,True,True
A000064,19833,1545.77,1.0,6.0,6.0,0.0,3.0,0.0,100.0,0.0,0.0,0.0,0.0,0.0,True,False,True,False,False
A000065,12754,1056.95,37.0,4.0,4.0,9.365763225663747e-17,2.0,4.6828816128318734e-17,54.108108108108105,-0.27358937885253665,16.0,4.0,0.0625,5.4399999999999995,False,True,False,True,True
A000066,16376,1549.84,6.0,7.0,8.0,0.6857142857142857,4.5,0.9999999999999998,101.16666666666667,8.6,0.0,0.0,0.0,0.0,True,False,True,False,False
A000067,9547,864.41,25.0,3.0,3.0,1.983778464620202e-17,4.0,-8.351456767269853e-17,42.72,0.3576923076923075,9.0,5.0,0.0,3.8444444444444446,False,True,False,True,False
A000068,10839,789.87,1.0,3.0,3.0,0.0,4.0,0.0,33.0,0.0,1.0,0.0,0.0,5.1,False,True,False,True,True
A000069,38562,2882.27,30.0,17.3,19.0,0.3219132369299221,4.366666666666666,0.1746384872080088,234.4,3.9741935483870976,10.0,1.0,0.0,4.41,True,False,True,False,False
A000070,33402,2970.11,29.0,10.89655172413793,11.0,-0.01674876847290632,4.0,-3.680024024489793e-17,149.86206896551724,0.685221674876846,12.0,1.0,0.08333333333333337,3.9454545454545453,True,False,True,False,False
A000071,6522,549.6,1.0,2.0,2.0,0.0,4.0,0.0,17.0,0.0,3.0,0.0,0.33333333333333337,2.3,False,True,False,True,True
A000072,29588,2544.78,1.0,9.0,9.0,0.0,4.0,0.0,166.0,0.0,1.0,0.0,0.0,8.5,True,False,True,False,False
A000073,2614,200.0,5.0,1.4,1.0,-0.30000000000000016,1.6,-0.30000000000000016,1040.0,-155.00000000000017,7.0,3.0,0.2857142857142857,3.3800000000000003,False,True,False,True,True
A000074,18621,1407.98,11.0,4.090909090909091,2.0,-0.42727272727272714,2.4545454545454546,-0.1363636363636363,54.0,-4.481818181818179,7.0,2.0,0.2857142857142857,3.18,True,False,True,False,False
A000075,21412,1899.54,26.0,7.1923076923076925,7.0,0.005811965811965936,4.0,1.443850460211652e-17,96.84615384615384,-0.49230769230769267,14.0,1.0,0.0,5.378571428571428,True,False,True,False,True
A000076,1363,200.0,5.0,1.4,1.0,-0.30000000000000016,1.6,-0.30000000000000016,24.2,-6.600000000000005,8.0,4.0,0.375,2.68,False,True,False,True,False
A000077,20565,1966.2,1.0,6.0,6.0,0.0,4.0,0.0,94.0,0.0,0.0,0.0,0.0,0.0,True,False,True,False,True
A000078,107061,8862.93,35.0,47.542857142857144,70.0,0.9229691876750702,4.485714285714286,0.14761904761904768,678.0,17.69635854341737,11.0,4.0,0.0,3.7181818181818174,False,False,False,False,False
A000079,4286,357.94,4.0,1.5,1.0,-0.3999999999999999,1.5,-0.3999999999999999,14.25,-2.299999999999999,9.0,5.0,0.33333333333333337,3.4000000000000004,False,True,False,True,False
A000080,5560,394.08,2.0,2.0,2.0,-1.570092458683775e-16,3.0,-3.14018491736755e-16,33.0,-6.0,3.0,0.0,0.0,9.266666666666667,False,True,False,True,True
A000081,69612,4954.1,24.0,22.583333333333332,21.0,-0.02521739130434831,2.0,-6.626518791160187e-17,330.25,-0.9330434782608803,11.0,2.0,0.0,4.3545454545454545,False,False,False,False,False
A000082,4864,415.31,31.0,2.0,2.0,-1.541474743955434e-19,3.0,-2.0391326471411207e-17,27.741935483870968,-0.02459677419354881,20.0,2.0,0.09999999999999998,3.988888888888889,False,True,False,True,False
A000083,13917,1136.23,16.0,5.8125,7.0,0.20441176470588246,4.5,0.3382352941176472,78.1875,2.342647058823531,2.0,0.0,0.0,6.25,False,True,False,True,False
A000084,19547,1648.44,12.0,6.166666666666667,6.0,-0.02797202797202787,4.0,2.7567324077004384e-18,84.0,0.9020979020979032,3.0,0.0,0.0,2.8666666666666667,True,False,True,False,True
A000085,9059,718.28,9.0,2.111111111111111,1.0,-0.2666666666666665,3.2222222222222223,-0.2166666666666665,26.555555555555557,-4.716666666666668,7.0,3.0,0.2857142857142857,3.2400000000000007,False,True,False,True,False
A000086,14436,1319.27,13.0,4.0,4.0,1.0870176106540271e-16,3.0,9.023562674828846e-17,59.69230769230769,-2.263736263736264,4.0,2.0,0.25,2.8333333333333335,False,True,False,True,False
A000087,10858,975.77,29.0,4.068965517241379,5.0,0.08719211822660092,4.448275862068965,0.1921182266009852,54.241379310344826,0.8197044334975362,5.0,0.0,0.0,5.7,False,True,False,True,False
A000088,6129,436.19,11.0,2.0,2.0,8.780795404756657e-17,2.0,8.780795404756657e-17,28.545454545454547,-0.28181818181818186,5.0,0.0,0.0,4.64,False,True,False,True,False
A000089,58476,5131.19,28.0,19.0,20.0,0.039408866995073975,2.0,6.438850970431975e-17,277.35714285714283,1.851669403393545,19.0,3.0,0.0,5.442105263157896,True,False,True,False,False
A000090,5297,391.97,2.0,1.5,1.0,-1.0,3.0,-2.0,14.0,-8.000000000000002,4.0,2.0,0.0,5.324999999999999,False,True,False,True,True
A000091,12387,890.79,27.0,5.481481481481482,7.0,0.1178266178266179,5.518518518518518,0.19230769230769237,79.62962962962963,2.4297924297924305,7.0,0.0,0.4285714285714286,6.3,False,True,False,True,False
A000092,22608,1789.46,11.0,6.7272727272727275,6.0,0.018181818181818445,4.0,1.7561590809513314e-16,94.63636363636364,5.6,4.0,0.0,0.0,4.9750000000000005,True,False,True,False,True
A000093,7015,650.75,23.0,2.739130434782609,3.0,0.06818181818181816,5.478260869565218,0.23517786561264822,45.52173913043478,1.58399209486166,10.0,1.0,0.0,3.4200000000000004,False,True,False,True,False
A000094,35462,2605.72,15.0,7.933333333333334,4.0,-0.5035714285714281,3.2666666666666666,-0.11428571428571424,101.53333333333333,-2.7857142857142883,20.0,5.0,0.6,4.125,True,False,True,False,True
A000095,7416,708.4,1.0,2.0,2.0,0.0,2.0,0.0,20.0,0.0,2.0,1.0,0.5,1.4,False,True,False,True,True
A000096,24883,1860.45,19.0,8.157894736842104,7.0,-0.08596491228070222,4.0,-7.606091506734758e-17,104.05263157894737,-0.32280701754386254,8.0,0.0,0.125,3.942857142857143,True,False,True,False,False
A000097,25242,1980.97,14.0,8.357142857142858,8.0,-0.028571428571428706,4.0,6.014260112517971e-18,123.85714285714286,-2.558241758241761,6.0,0.0,0.16666666666666663,3.0799999999999996,True,False,True,False,False
A000098,19929,1611.32,3.0,4.666666666666667,3.0,-1.4999999999999993,2.6666666666666665,-0.4999999999999997,58.666666666666664,-21.0,6.0,2.0,0.5,1.9333333333333333,True,False,True,False,True
A000099,19111,1584.09,23.0,5.869565217391305,5.0,-0.004940711462450516,2.0,-3.9020150566571225e-17,77.8695652173913,-0.9160079051383407,6.0,0.0,0.0,2.6,True,False,True,False,False
A000100,32475,2334.36,24.0,10.125,9.0,-0.029130434782608926,2.0,-6.626518791160187e-17,134.54166666666666,1.1552173913043458,9.0,1.0,0.11111111111111116,4.25,True,False,True,False,False
A000101,3800,329.45,9.0,2.7777777777777777,3.0,0.1166666666666668,4.444444444444445,0.6,40.666666666666664,1.6666666666666663,5.0,1.0,0.0,4.36,False,True,False,True,False
A000102,10173,974.43,11.0,4.0,6.0,0.27272727272727265,6.636363636363637,0.5363636363636364,51.27272727272727,5.754545454545454,4.0,0.0,0.0,4.5,False,True,False,True,False
A000103,17327,1338.35,3.0,3.3333333333333335,2.0,-1.4999999999999998,1.6666666666666667,-0.5000000000000003,54.333333333333336,-34.999999999999986,6.0,2.0,0.16666666666666663,4.36,True,False,True,False,False
A000104,9016,852.97,12.0,3.0,3.0,9.429455119166883e-17,3.0,9.429455119166883e-17,49.0,1.608391608391608,7.0,3.0,0.1428571428571429,4.0,False,True,False,True,True
A000105,5247,387.54,3.0,1.3333333333333333,1.0,-0.5,1.6666666666666667,-0.5000000000000003,19.0,-15.499999999999998,4.0,0.0,0.25,2.1999999999999997,False,True,False,True,True
A000106,25012,2235.32,34.0,7.970588235294118,7.0,-0.010847975553857941,3.0,6.353519540347771e-17,103.20588235294117,-0.36195569136745365,20.0,1.0,0.09999999999999998,4.8277777777777775,True,False,True,False,False
A000107,35466,3063.61,2.0,13.5,17.0,6.999999999999998,6.5,4.999999999999998,241.0,189.99999999999997,1.0,0.0,0.0,3.1,True,False,True,False,False
A000108,25584,2061.72,13.0,5.538461538461538,3.0,-0.42857142857142866,2.3846153846153846,-0.1098901098901099,75.0,-6.670329670329673,21.0,8.0,0.19047619047619047,3.7588235294117647,True,False,True,False,True
A000109,3131,248.51,5.0,1.4,1.0,-0.30000000000000016,1.6,-0.30000000000000016,13.4,-3.400000000000003,11.0,3.0,0.5454545454545454,4.78,False,True,False,True,False
A000110,5368,418.98,3.0,1.3333333333333333,1.0,-0.5,1.6666666666666667,-0.5000000000000003,23.666666666666668,-11.999999999999996,2.0,1.0,0.5,2.5,False,True,False,True,False
A000111,6618,581.74,26.0,2.0,2.0,7.21925230105826e-18,2.0,7.21925230105826e-18,30.346153846153847,0.16034188034187993,10.0,1.0,0.09999999999999998,4.622222222222222,False,True,False,True,True
A000112,20413,1538.02,1.0,6.0,6.0,0.0,4.0,0.0,60.0,0.0,2.0,2.0,0.0,6.8500000000000005,True,False,True,False,False
A000113,2547,205.21,6.0,2.0,2.0,1.5902414263964848e-17,4.0,3.1804828527929695e-17,24.833333333333332,-3.9714285714285724,3.0,1.0,0.0,4.3999999999999995,False,True,False,True,False
A000114,33654,2647.18,3.0,11.333333333333334,11.0,3.078213430367457e-16,3.0,1.0118224371490771e-16,161.66666666666666,1.7363204497640667e-14,3.0,1.0,0.0,3.7000000000000006,True,False,True,False,True
A000115,40683,3608.16,18.0,13.11111111111111,12.0,0.0144478844169247,3.0,5.518364895570431e-17,200.16666666666666,-1.9969040247677958,8.0,1.0,0.125,3.8857142857142857,True,False,True,False,False
A000116,25583,2126.43,16.0,11.4375,14.0,0.4661764705882354,5.5,0.338235294117647,185.6875,11.157352941176471,2.0,0.0,0.0,2.8000000000000003,True,False,True,False,True
A000117,3216,257.69,2.0,2.0,2.0,-1.570092458683775e-16,2.0,-1.570092458683775e-16,31.5,2.999999999999998,1.0,0.0,0.0,6.4,False,True,False,True,False
A000118,46225,4171.8,5.0,14.6,14.0,0.09999999999999863,3.0,-4.151461237982223e-16,222.2,-10.60000000000001,3.0,0.0,0.33333333333333337,4.8,True,False,True,False,True
A000119,20499,1742.19,0.0,0.0,0.0,0.0,0.0,0.0,0.0,0.0,0.0,0.0,0.0,0.0,True,False,True,False,False
A000120,67802,5438.27,30.0,21.933333333333334,20.0,0.001334816462735894,3.0,-9.005681807702022e-17,309.53333333333336,0.8031145717463812,14.0,2.0,0.0714285714285714,2.907692307692308,False,False,False,False,False
A000121,4878,349.88,14.0,2.0,2.0,3.0071300562589855e-18,2.0,3.0071300562589855e-18,26.142857142857142,-0.39999999999999986,3.0,0.0,0.33333333333333337,1.75,False,True,False,True,False
A000122,34110,2715.05,1.0,12.0,12.0,0.0,4.0,0.0,120.0,0.0,0.0,0.0,0.0,0.0,True,False,True,False,False
A000123,29045,2322.66,8.0,6.375,4.0,-0.5357142857142853,1.625,-0.17857142857142863,70.625,-7.226190476190481,4.0,2.0,0.25,4.133333333333333,True,False,True,False,False
A000124,5849,488.2,10.0,1.3,1.0,-0.12727272727272726,3.2,-0.1818181818181817,17.2,-1.2484848484848474,16.0,6.0,0.1875,4.846153846153846,False,True,False,True,False
A000125,6350,580.23,33.0,2.0,2.0,8.482309336103327e-18,3.0,4.107508455218798e-17,29.727272727272727,0.08389037433155079,11.0,0.0,0.0,2.5090909090909093,False,True,False,True,True
A000126,15959,1396.87,17.0,3.4705882352941178,2.0,-0.16666666666666666,1.6470588235294117,-0.08088235294117642,50.529411764705884,-2.3529411764705865,23.0,9.0,0.26086956521739135,4.523529411764706,True,False,True,False,False
A000127,22515,1655.62,10.0,5.0,3.0,-0.44848484848484815,2.4,-0.1454545454545453,66.4,-6.278787878787874,15.0,2.0,0.19999999999999996,4.858333333333333,True,False,True,False,True
A000128,32109,0.0,3.0,6.666666666666667,4.0,-2.5000000000000004,3.0,-1.0000000000000002,88.33333333333333,-61.99999999999998,7.0,1.0,0.2857142857142857,4.5,True,False,True,False,False
A000129,40799,2959.5,31.0,18.516129032258064,20.0,0.3249999999999997,4.483870967741935,0.17661290322580644,276.2258064516129,6.993951612903226,10.0,3.0,0.09999999999999998,5.011111111111111,True,False,True,False,True
A000130,13069,0.0,7.0,2.7142857142857144,2.0,-0.3214285714285714,3.2857142857142856,-0.3214285714285717,36.857142857142854,-6.678571428571431,15.0,5.0,0.1333333333333333,3.923076923076923,False,True,False,True,False
A000131,2438,213.16,4.0,1.5,1.0,-0.3999999999999999,3.0,-0.5999999999999998,20.25,-5.900000000000001,6.0,0.0,0.16666666666666663,2.9400000000000004,False,True,False,True,False
A000132,5974,427.18,15.0,2.8666666666666667,4.0,0.17142857142857143,6.466666666666667,0.3714285714285714,44.733333333333334,3.2749999999999995,5.0,2.0,0.0,3.18,False,True,False,True,False
A000133,8056,638.08,34.0,2.0,2.0,-1.0996409026592641e-17,3.0,6.353519540347771e-17,26.941176470588236,-0.03116883116883071,20.0,6.0,0.19999999999999996,4.2,False,True,False,True,True
A000134,13518,1151.01,15.0,2.8666666666666667,2.0,-0.17499999999999974,2.4,-0.09642857142857134,40.266666666666666,-1.9428571428571415,18.0,7.0,0.33333333333333337,4.008333333333334,False,True,False,True,False
A000135,43682,3631.02,11.0,9.818181818181818,5.0,-0.9727272727272723,1.6363636363636365,-0.1272727272727273,127.72727272727273,-9.29090909090909,12.0,5.0,0.41666666666666663,5.185714285714285,True,False,True,False,True
A000136,12672,1049.19,34.0,4.0,4.0,-2.1992818053185282e-17,3.0,6.353519540347771e-17,50.088235294117645,-0.0789915966386554,14.0,2.0,0.0,3.4499999999999997,False,True,False,True,False
A000137,10358,0.0,25.0,3.0,3.0,1.983778464620202e-17,3.0,1.983778464620202e-17,40.32,-0.23384615384615332,11.0,2.0,0.09090909090909094,3.3900000000000006,False,True,False,True,True
A000138,36453,3278.81,8.0,17.625,23.0,1.9166666666666663,4.5,0.7142857142857142,286.25,28.690476190476176,3.0,1.0,0.0,2.5666666666666664,True,False,True,False,True
A000139,11865,1065.08,9.0,2.111111111111111,1.0,-0.2666666666666665,2.4444444444444446,-0.1666666666666665,33.666666666666664,-3.7333333333333325,12.0,5.0,0.33333333333333337,4.4624999999999995,False,True,False,True,True
A000140,43639,3353.5,14.0,14.142857142857142,15.0,-3.0426228535001795e-16,3.0,-5.3015197510639624e-17,201.21428571428572,1.189010989010987,10.0,2.0,0.09999999999999998,3.933333333333333,True,False,True,False,False
A000141,20278,1660.89,32.0,5.9375,6.0,0.003665689149560195,4.0,1.0443137044053249e-16,88.84375,0.3139662756598266,22.0,2.0,0.0,3.3272727272727276,True,False,True,False,True
A000142,7886,731.7,11.0,2.0,2.0,8.780795404756657e-17,3.0,-1.2655971982378146e-17,24.818181818181817,-1.3363636363636355,11.0,1.0,0.0,2.936363636363636,False,True,False,True,False
A000143,16660,1244.93,19.0,5.0,5.0,-3.352320384817504e-18,2.0,-3.803045753367379e-17,66.6842105263158,-0.9368421052631587,5.0,0.0,0.0,2.14,True,False,True,False,False
A000144,6360,473.9,33.0,2.0,2.0,8.482309336103327e-18,4.0,1.6964618672206654e-17,27.666666666666668,-0.1006016042780744,15.0,2.0,0.06666666666666665,5.921428571428571,False,True,False,True,True
A000145,21611,1646.3,10.0,10.0,12.0,0.5454545454545456,4.5,0.5151515151515152,117.3,13.799999999999997,2.0,0.0,0.5,1.3,True,False,True,False,True
A000146,4866,435.11,0.0,0.0,0.0,0.0,0.0,0.0,0.0,0.0,0.0,0.0,0.0,0.0,False,True,False,True,True
A000147,20453,1908.41,7.0,6.142857142857143,6.0,-0.07142857142857159,4.0,-1.7694396790519387e-16,80.14285714285714,3.9999999999999987,3.0,1.0,0.0,6.5,True,False,True,False,False
A000148,3147,297.29,10.0,2.6,3.0,0.14545454545454548,4.5,0.5151515151515152,43.7,3.557575757575759,5.0,0.0,0.4,2.1999999999999997,False,True,False,True,False
A000149,9316,756.48,4.0,3.0,3.0,2.5691830594314166e-17,2.0,-1.6429779903597286e-16,34.5,-1.5999999999999985,1.0,0.0,0.0,1.1,False,True,False,True,False
A000150,21222,1865.38,8.0,7.125,7.0,0.03571428571428568,4.0,4.397192833162217e-17,102.375,0.32142857142856424,8.0,2.0,0.0,3.925,True,False,True,False,True
A000151,28234,2553.75,21.0,9.238095238095237,10.0,0.02727272727272733,2.0,-2.261946459671728e-17,121.52380952380952,-0.37272727272726996,6.0,0.0,0.0,2.6833333333333336,True,False,True,False,False
A000152,8842,673.56,15.0,2.0,2.0,7.492299542683446e-17,4.0,1.4984599085366893e-16,26.733333333333334,0.5214285714285721,7.0,1.0,0.0,3.0428571428571423,False,True,False,True,True
A000153,11434,1016.74,12.0,2.1666666666666665,1.0,-0.1818181818181817,1.5833333333333333,-0.12237762237762238,30.833333333333332,-3.307692307692307,16.0,7.0,0.25,4.7,False,True,False,True,False
A000154,22989,2125.01,19.0,6.894736842105263,7.0,-0.029824561403509024,2.0,-3.803045753367379e-17,83.78947368421052,1.1473684210526314,14.0,3.0,0.1428571428571429,5.441666666666666,True,False,True,False,False
A000155,2649,245.7,31.0,2.0,2.0,-1.541474743955434e-19,3.0,-2.0391326471411207e-17,25.741935483870968,-0.049193548387097434,15.0,2.0,0.0,5.186666666666668,False,True,False,True,False
A000156,17338,1605.69,40.0,6.725,9.0,0.09690431519699813,4.425,0.13311444652908067,89.15,1.4761726078799249,13.0,1.0,0.15384615384615385,5.345454545454545,True,False,True,False,False
A000157,26702,2241.64,16.0,7.75,8.0,0.017647058823529602,3.0,6.941250574475034e-17,106.9375,-1.13382352941176,8.0,2.0,0.25,3.1333333333333333,True,False,True,False,False
A000158,16290,1366.94,3.0,3.3333333333333335,2.0,-1.4999999999999998,2.3333333333333335,-0.4999999999999996,45.333333333333336,-5.49999999999999,2.0,0.0,0.0,3.55,True,False,True,False,False
A000159,19409,1447.4,3.0,4.333333333333333,3.0,-1.4999999999999991,3.0,-1.0000000000000002,43.666666666666664,-4.999999999999994,3.0,3.0,0.33333333333333337,2.45,True,False,True,False,False
A000160,7875,685.59,36.0,2.0,2.0,3.368263700071629e-17,2.0,3.368263700071629e-17,28.083333333333332,-0.1772200772200765,19.0,2.0,0.1578947368421053,4.26875,False,True,False,True,False
A000161,8133,634.58,15.0,2.0,2.0,7.492299542683446e-17,4.0,1.4984599085366893e-16,29.533333333333335,-0.38928571428571423,7.0,0.0,0.0,3.757142857142857,False,True,False,True,False
A000162,12716,1122.43,14.0,2.642857142857143,1.0,-0.22197802197802197,1.6428571428571428,-0.09890109890109898,34.07142857142857,-0.890109890109891,15.0,8.0,0.33333333333333337,5.45,False,True,False,True,True
A000163,35400,3157.03,10.0,7.7,5.0,-0.5878787878787878,1.6,-0.14545454545454548,105.9,-7.812121212121212,12.0,4.0,0.33333333333333337,2.8874999999999997,True,False,True,False,True
A000164,3883,294.94,6.0,2.6666666666666665,4.0,0.3999999999999998,5.5,1.0,30.0,0.514285714285715,1.0,0.0,0.0,2.0,False,True,False,True,False
A000165,25472,2341.26,14.0,7.928571428571429,8.0,-0.015384615384615585,3.0,-5.3015197510639624e-17,110.28571428571429,-1.195604395604396,6.0,1.0,0.33333333333333337,2.35,True,False,True,False,True
A000166,6126,443.52,10.0,1.5,1.0,-0.15151515151515152,1.7,-0.1272727272727272,20.3,-2.551515151515149,17.0,6.0,0.17647058823529416,5.385714285714286,False,True,False,True,False
A000167,53015,4426.67,19.0,17.05263157894737,18.0,-0.0245614035087723,3.0,-1.360657889354296e-16,233.21052631578948,1.866666666666672,9.0,1.0,0.0,6.177777777777777,True,False,True,False,True
A000168,22514,2098.56,34.0,9.852941176470589,14.0,0.15630252100840325,6.5,0.15416348357524834,137.88235294117646,2.3737203972498113,6.0,0.0,0.0,4.883333333333334,True,False,True,False,False
A000169,7515,613.13,7.0,3.142857142857143,4.0,0.28571428571428575,6.714285714285714,0.8214285714285716,42.0,2.5000000000000018,5.0,0.0,0.0,3.46,False,True,False,True,False
A000170,15052,1360.25,7.0,3.4285714285714284,2.0,-0.42857142857142866,2.4285714285714284,-0.2142857142857144,60.57142857142857,-9.999999999999998,13.0,5.0,0.3846153846153846,4.1,True,False,True,False,True
A000171,7067,574.92,26.0,2.8076923076923075,4.0,0.07145299145299146,6.5,0.2034188034188034,39.34615384615385,0.9972649572649571,4.0,0.0,0.0,1.3499999999999999,False,True,False,True,False
A000172,6571,485.84,7.0,1.4285714285714286,1.0,-0.2142857142857142,3.142857142857143,-0.2857142857142859,18.0,-3.642857142857143,13.0,8.0,0.6153846153846154,2.2600000000000002,False,True,False,True,True
A000173,6006,436.7,3.0,2.0,2.0,5.034398893406447e-16,2.0,5.034398893406447e-16,37.666666666666664,2.000000000000002,3.0,0.0,0.33333333333333337,1.4,False,True,False,True,False
A000174,50415,4031.0,3.0,16.666666666666668,17.0,1.043161237230095e-15,3.0,1.0118224371490771e-16,255.33333333333334,59.00000000000005,3.0,1.0,0.0,5.733333333333333,True,False,True,False,True
A000175,33113,3130.03,37.0,10.945945945945946,11.0,-0.0018966334755808117,4.0,9.365763225663747e-17,151.32432432432432,0.8302513039355143,21.0,2.0,0.04761904761904767,4.1850000000000005,True,False,True,False,False
A000176,12278,989.85,5.0,3.0,2.0,-0.8000000000000007,1.6,-0.30000000000000016,46.0,-10.800000000000004,9.0,3.0,0.2222222222222222,5.642857142857143,False,True,False,True,False
A000177,3408,321.56,1.0,1.0,1.0,0.0,1.0,0.0,11.0,0.0,2.0,0.0,0.5,3.4,False,True,False,True,False
A000178,5288,381.07,0.0,0.0,0.0,0.0,0.0,0.0,0.0,0.0,0.0,0.0,0.0,0.0,False,True,False,True,False
A000179,9577,811.04,7.0,2.0,1.0,-0.2142857142857144,1.5714285714285714,-0.21428571428571438,29.571428571428573,-4.714285714285716,6.0,0.0,0.16666666666666663,6.44,False,True,False,True,True
A000180,62191,5375.86,10.0,20.4,21.0,0.14545454545454578,4.0,6.421683923128565e-17,304.6,13.648484848484857,7.0,1.0,0.0,3.599999999999999,False,False,False,False,True
A000181,18214,1304.29,14.0,8.714285714285714,12.0,0.3912087912087914,4.428571428571429,0.4087912087912088,128.92857142857142,7.73846153846154,4.0,0.0,0.0,5.5,True,False,True,False,True
A000182,4591,414.21,28.0,2.0,2.0,6.438850970431975e-17,3.0,6.392783797933884e-17,28.642857142857142,-0.18336070060207943,9.0,0.0,0.0,3.933333333333333,False,True,False,True,False
A000183,10020,780.94,10.0,4.3,5.0,0.18787878787878803,5.5,0.5151515151515151,54.9,2.757575757575759,4.0,1.0,0.25,4.066666666666666,False,True,False,True,True
A000184,17083,1284.01,33.0,5.0,5.0,-2.6659051705470694e-19,2.0,8.482309336103327e-18,73.9090909090909,-0.049465240641710234,12.0,1.0,0.16666666666666663,3.5300000000000002,True,False,True,False,True
A000185,61857,5335.34,1.0,22.0,22.0,0.0,3.0,0.0,402.0,0.0,0.0,0.0,0.0,0.0,False,False,False,False,True
A000186,12321,993.75,5.0,4.0,4.0,-4.2031682957823036e-16,2.0,-2.1015841478911518e-16,60.4,-2.7000000000000095,1.0,0.0,0.0,8.1,False,True,False,True,True
A000187,20603,1834.08,7.0,6.142857142857143,7.0,0.10714285714285726,4.0,-1.7694396790519387e-16,92.14285714285714,5.142857142857141,2.0,0.0,0.0,3.45,True,False,True,False,True
A000188,41781,3951.96,20.0,17.75,27.0,0.5195488721804508,6.4,0.2661654135338345,268.7,10.106766917293228,9.0,0.0,0.0,3.7666666666666666,True,False,True,False,False
A000189,100868,8152.43,36.0,33.02777777777778,33.0,-0.025353925353924753,3.0,7.509979782292707e-17,469.55555555555554,-3.0074646074645965,23.0,3.0,0.13043478260869568,3.09,False,False,False,False,True
A000190,35095,2954.78,4.0,7.25,4.0,-1.8999999999999992,2.5,-0.4000000000000004,85.5,-29.200000000000006,2.0,1.0,1.0,0.0,True,False,True,False,False
A000191,57571,4772.48,9.0,19.22222222222222,20.0,1.662072588002841e-16,2.0,1.3266277840460404e-16,258.22222222222223,-1.866666666666669,1.0,0.0,0.0,14.7,True,False,True,False,True
A000192,8708,0.0,36.0,2.7777777777777777,3.0,0.039639639639639686,5.5,0.14543114543114546,39.638888888888886,0.7975546975546978,10.0,1.0,0.19999999999999996,3.4250000000000003,False,True,False,True,False
A000193,22937,2087.19,24.0,6.916666666666667,6.0,0.00434782608695653,3.0,-3.7457782053856407e-17,99.25,0.09826086956521599,14.0,1.0,0.0,3.5285714285714285,True,False,True,False,False
A000194,11122,912.53,15.0,3.0,3.0,3.9801698827525604e-17,4.0,1.4984599085366893e-16,39.53333333333333,0.4178571428571433,5.0,0.0,0.0,5.1,False,True,False,True,False
A000195,14210,1312.53,16.0,4.0,4.0,3.105982739014105e-17,2.0,1.5529913695070524e-17,52.4375,1.172058823529412,17.0,4.0,0.17647058823529416,3.4285714285714284,False,True,False,True,True
A000196,5259,491.75,30.0,2.0,2.0,-3.255583432569295e-17,3.0,-9.005681807702022e-17,27.0,0.06941045606229089,18.0,1.0,0.0,2.933333333333333,False,True,False,True,True
A000197,6110,519.15,7.0,1.4285714285714286,1.0,-0.2142857142857142,2.4285714285714284,-0.2142857142857144,17.714285714285715,-1.2857142857142867,13.0,2.0,0.3076923076923077,4.033333333333334,False,True,False,True,False
A000198,173901,16077.04,5.0,57.6,52.0,-0.6000000000000028,4.0,-4.2031682957823036e-16,745.2,-91.80000000000007,2.0,0.0,0.0,1.75,False,False,False,False,True
A000199,25806,1901.21,1.0,9.0,9.0,0.0,4.0,0.0,76.0,0.0,0.0,0.0,0.0,0.0,True,False,True,False,False
A000200,23324,1882.45,14.0,7.071428571428571,7.0,-0.010989010989011044,4.0,6.014260112517971e-18,100.57142857142857,-1.4945054945054965,8.0,2.0,0.0,2.8750000000000004,True,False,True,False,False
A000201,25651,2371.12,36.0,8.222222222222221,8.0,-0.002831402831402581,2.0,3.368263700071629e-17,107.75,-0.05212355212354975,14.0,2.0,0.2857142857142857,3.69,True,False,True,False,False
A000202,19115,1475.84,7.0,4.285714285714286,2.0,-0.5714285714285711,3.142857142857143,-0.2857142857142859,61.57142857142857,-7.357142857142851,10.0,4.0,0.6,3.7249999999999996,True,False,True,False,True
A000203,55680,4394.55,38.0,17.86842105263158,19.0,0.007768902505744656,3.0,-2.9355333776473266e-17,261.7894736842105,0.3812233285917487,17.0,2.0,0.0,3.9411764705882355,True,False,True,False,False
A000204,134893,9574.99,27.0,43.77777777777778,41.0,-0.029304029304029006,2.0,2.1697170904448208e-17,576.9629629629629,3.066544566544573,6.0,2.0,0.0,2.5500000000000003,False,False,False,False,False
A000205,4364,332.18,18.0,2.0,2.0,7.059017484986522e-18,4.0,1.4118034969973043e-17,24.88888888888889,-0.2497420020639829,6.0,0.0,0.0,0.9999999999999999,False,True,False,True,False
A000206,22069,2063.3,22.0,7.090909090909091,7.0,-0.0033879164313946274,4.0,1.2128203685960336e-17,99.54545454545455,0.7453416149068347,12.0,1.0,0.08333333333333337,5.009090909090909,True,False,True,False,True
A000207,3670,263.27,28.0,2.9285714285714284,3.0,0.05692391899288452,4.5,0.18828680897646413,40.142857142857146,0.6896551724137937,7.0,3.0,0.1428571428571429,3.5999999999999996,False,True,False,True,False
A000208,6941,568.51,12.0,2.0,2.0,1.3783662038502192e-18,3.0,9.429455119166883e-17,28.083333333333332,0.9685314685314684,8.0,1.0,0.125,2.685714285714286,False,True,False,True,False
A000209,25474,2335.05,12.0,7.833333333333333,8.0,0.027972027972027965,2.0,1.3783662038502192e-18,105.0,0.2377622377622398,7.0,1.0,0.0,3.957142857142857,True,False,True,False,False
A000210,48553,4008.24,37.0,15.783783783783784,15.0,0.0018966334755811665,4.0,9.365763225663747e-17,222.83783783783784,-0.2738264580369823,17.0,3.0,0.17647058823529416,3.1857142857142855,True,False,True,False,True
A000211,36611,3289.2,3.0,8.333333333333334,5.0,-3.4999999999999982,3.0,-1.0000000000000002,111.0,-71.99999999999999,4.0,0.0,0.0,5.425000000000001,True,False,True,False,False
A000212,108568,8021.36,3.0,36.333333333333336,37.0,2.000000000000006,3.0,1.0118224371490771e-16,533.0,135.50000000000009,4.0,1.0,0.0,3.25,False,False,False,False,True
A000213,38457,3382.3,32.0,12.0625,12.0,0.001832844574780273,3.0,7.471878699925958e-17,162.8125,0.8515395894428185,18.0,3.0,0.2777777777777778,4.384615384615384,True,False,True,False,False
A000214,53982,4448.42,6.0,17.166666666666668,18.0,-0.2571428571428571,2.0,1.5902414263964848e-17,242.16666666666666,16.371428571428574,3.0,0.0,0.0,3.9,True,False,True,False,False
A000215,92793,6945.14,27.0,30.48148148148148,33.0,0.00244200244200321,4.0,4.3394341808896416e-17,452.55555555555554,-4.587912087912094,11.0,5.0,0.18181818181818177,3.788888888888889,False,False,False,False,True
A000216,5710,523.89,27.0,2.0,2.0,2.1697170904448208e-17,2.0,2.1697170904448208e-17,26.22222222222222,0.18803418803418823,10.0,0.0,0.0,4.08,False,True,False,True,False
A000217,16593,1195.15,4.0,3.25,2.0,-0.7,1.5,-0.3999999999999999,51.0,-7.0000000000000036,8.0,2.0,0.5,4.275,True,False,True,False,False
A000218,40379,3585.59,14.0,9.428571428571429,5.0,-0.7076923076923083,1.6428571428571428,-0.09890109890109898,145.92857142857142,-11.496703296703295,28.0,12.0,0.2857142857142857,5.635,True,False,True,False,False
A000219,15690,1180.55,33.0,5.0,5.0,-2.6659051705470694e-19,3.0,4.107508455218798e-17,66.15151515151516,0.19151069518716707,16.0,3.0,0.125,3.75,True,False,True,False,False
A000220,16385,1499.38,9.0,3.5555555555555554,2.0,-0.2833333333333333,1.6666666666666667,-0.15,56.666666666666664,-4.966666666666662,17.0,6.0,0.3529411764705882,3.936363636363637,True,False,True,False,False
A000221,12171,1134.28,4.0,2.25,1.0,-0.9000000000000004,2.25,-0.3,33.5,-12.800000000000002,5.0,2.0,0.19999999999999996,3.5,False,True,False,True,True
A000222,3711,287.61,11.0,2.727272727272727,4.0,0.21818181818181817,5.545454545454546,0.5000000000000001,36.45454545454545,2.0909090909090913,2.0,0.0,0.0,2.95,False,True,False,True,False
A000223,10336,862.09,4.0,2.25,1.0,-0.7000000000000001,2.5,-0.4000000000000004,33.0,-15.400000000000004,5.0,1.0,0.0,5.159999999999999,False,True,False,True,False
A000224,22410,1844.51,5.0,7.2,8.0,0.19999999999999943,2.0,-2.1015841478911518e-16,102.2,12.799999999999994,0.0,0.0,0.0,0.0,True,False,True,False,False
A000225,9223,741.34,27.0,3.0,3.0,-3.41604671038023e-17,2.0,2.1697170904448208e-17,38.851851851851855,0.0903540903540907,14.0,4.0,0.2142857142857143,5.6000000000000005,False,True,False,True,True
A000226,19864,1760.63,2.0,4.5,3.0,-3.0000000000000013,2.5,-1.0000000000000007,57.0,-20.0,3.0,2.0,0.0,3.6333333333333333,True,False,True,False,False
A000227,14737,1130.87,28.0,5.535714285714286,8.0,0.13437328954570338,5.464285714285714,0.18527640941434045,78.82142857142857,1.0654077723043245,11.0,5.0,0.09090909090909094,4.31,False,True,False,True,False
A000228,9290,699.36,18.0,3.0,3.0,5.518364895570431e-17,4.0,1.4118034969973043e-17,39.611111111111114,0.4014447884416932,10.0,2.0,0.09999999999999998,3.855555555555556,False,True,False,True,True
A000229,11231,859.06,14.0,2.0,1.0,-0.10109890109890117,1.6428571428571428,-0.09890109890109898,26.928571428571427,-0.9252747252747258,15.0,5.0,0.33333333333333337,3.1999999999999997,False,True,False,True,False
A000230,55520,4271.16,27.0,17.88888888888889,17.0,-0.02503052503052477,4.0,4.3394341808896416e-17,247.03703703703704,-2.4297924297924256,8.0,2.0,0.0,4.0875,True,False,True,False,True
A000231,32769,2945.92,2.0,10.0,11.0,1.9999999999999987,3.0,-3.14018491736755e-16,139.5,-17.00000000000003,0.0,0.0,0.0,0.0,True,False,True,False,False
A000232,12658,1072.7,6.0,3.0,2.0,-0.4571428571428571,1.6666666666666667,-0.2285714285714287,40.0,-2.799999999999997,10.0,2.0,0.30000000000000004,3.857142857142857,False,True,False,True,False
A000233,6907,614.82,17.0,1.3529411764705883,1.0,-0.08088235294117642,3.235294117647059,-0.1176470588235293,21.0,-1.4215686274509787,22.0,12.0,0.4545454545454546,4.216666666666666,False,True,False,True,True
A000234,8768,704.8,30.0,2.0,2.0,-3.255583432569295e-17,4.0,-6.51116686513859e-17,28.066666666666666,-0.06674082313681937,24.0,0.0,0.08333333333333337,3.3681818181818177,False,True,False,True,False
A000235,39029,3228.85,17.0,12.764705882352942,14.0,-0.017156862745097874,2.0,6.347981947352304e-17,181.35294117647058,2.2426470588235325,4.0,0.0,0.25,4.033333333333333,True,False,True,False,True
A000236,5434,486.7,1.0,2.0,2.0,0.0,3.0,0.0,34.0,0.0,2.0,0.0,0.0,3.5999999999999996,False,True,False,True,False
A000237,13973,1292.54,7.0,2.857142857142857,2.0,-0.39285714285714296,1.5714285714285714,-0.21428571428571438,41.42857142857143,-7.642857142857146,13.0,6.0,0.3076923076923077,4.2444444444444445,False,True,False,True,False
A000238,3647,269.43,18.0,2.0,2.0,7.059017484986522e-18,2.0,7.059017484986522e-18,27.944444444444443,-0.10835913312693447,10.0,3.0,0.0,3.97,False,True,False,True,True
A000239,16171,1532.63,6.0,3.5,2.0,-0.5428571428571426,1.6666666666666667,-0.2285714285714287,50.0,-10.28571428571428,9.0,3.0,0.4444444444444444,4.1,True,False,True,False,True
A000240,5135,411.11,22.0,2.727272727272727,3.0,0.06437041219649915,6.5,0.251270468661773,36.18181818181818,0.8469791078486727,6.0,3.0,0.0,2.6999999999999997,False,True,False,True,False
A000241,3245,298.34,4.0,2.0,2.0,-1.6429779903597286e-16,2.0,-1.6429779903597286e-16,29.25,5.100000000000001,2.0,1.0,0.0,2.2,False,True,False,True,False
A000242,5147,0.0,34.0,2.0,2.0,-1.0996409026592641e-17,4.0,-2.1992818053185282e-17,28.441176470588236,-0.008708938120702793,17.0,4.0,0.05882352941176472,4.731249999999999,False,True,False,True,True
A000243,4052,303.86,10.0,1.5,1.0,-0.15151515151515152,3.3,-0.19999999999999996,19.5,-1.9454545454545458,13.0,6.0,0.15384615384615385,3.136363636363637,False,True,False,True,True
A000244,16987,1286.52,16.0,7.1875,8.0,0.18088235294117644,6.5,0.3382352941176472,100.75,2.997058823529412,1.0,0.0,1.0,0.0,True,False,True,False,False
A000245,34197,2769.47,14.0,10.928571428571429,10.0,-0.08131868131868146,4.0,6.014260112517971e-18,150.85714285714286,-0.8219780219780269,11.0,1.0,0.09090909090909094,4.050000000000001,True,False,True,False,True
A000246,5679,468.98,2.0,2.0,2.0,-1.570092458683775e-16,2.0,-1.570092458683775e-16,29.5,6.999999999999993,1.0,0.0,0.0,2.6,False,True,False,True,False
A000247,14200,1286.44,3.0,4.0,4.0,1.0068797786812894e-15,2.0,5.034398893406447e-16,47.0,3.5000000000000044,4.0,0.0,0.0,9.725,False,True,False,True,False
A000248,8357,633.57,6.0,2.0,2.0,1.5902414263964848e-17,2.0,1.5902414263964848e-17,28.166666666666668,-0.6571428571428575,4.0,0.0,0.25,4.166666666666667,False,True,False,True,True
A000249,34048,2921.3,33.0,11.06060606060606,11.0,0.027406417112299596,4.0,1.6964618672206654e-17,145.8181818181818,0.8512700534759375,20.0,2.0,0.050000000000000044,3.852631578947368,True,False,True,False,False
A000250,7748,670.98,0.0,0.0,0.0,0.0,0.0,0.0,0.0,0.0,0.0,0.0,0.0,0.0,False,True,False,True,True
A000251,26784,2043.16,13.0,5.153846153846154,3.0,-0.33516483516483503,3.230769230769231,-0.13186813186813187,65.23076923076923,-5.39010989010989,18.0,8.0,0.2777777777777778,6.084615384615385,True,False,True,False,True
A000252,3386,269.33,9.0,1.3333333333333333,1.0,-0.14999999999999986,3.2222222222222223,-0.2166666666666665,19.333333333333332,-2.4166666666666643,7.0,1.0,0.1428571428571429,4.466666666666666,False,True,False,True,False
A000253,8268,595.14,12.0,1.4166666666666667,1.0,-0.11538461538461534,2.4166666666666665,-0.1223776223776222,20.25,-2.339160839160837,15.0,8.0,0.2666666666666667,2.4272727272727272,False,True,False,True,True
A000254,70094,5168.95,23.0,22.73913043478261,23.0,-0.02371541501976368,3.0,2.3752813476359876e-17,319.82608695652175,0.8814229249011823,9.0,1.0,0.11111111111111116,4.775,False,False,False,False,True
A000255,36494,3117.44,12.0,16.5,23.0,0.7622377622377619,6.5,0.48951048951048964,215.58333333333334,9.080419580419582,5.0,1.0,0.0,3.7599999999999993,True,False,True,False,False
A000256,7419,659.29,34.0,2.0,2.0,-1.0996409026592641e-17,4.0,-2.1992818053185282e-17,29.764705882352942,-0.23682200152788357,15.0,1.0,0.19999999999999996,3.391666666666667,False,True,False,True,True
A000257,37671,3520.09,12.0,11.916666666666666,11.0,0.04545454545454556,4.0,2.7567324077004384e-18,141.66666666666666,-0.8811188811188769,3.0,0.0,0.0,1.8333333333333333,True,False,True,False,True
A000258,6553,522.27,2.0,2.0,2.0,-1.570092458683775e-16,4.0,-3.14018491736755e-16,36.5,-13.000000000000002,1.0,0.0,0.0,4.3,False,True,False,True,True
A000259,52769,3820.89,34.0,17.058823529411764,17.0,0.02322383498854112,2.0,-1.0996409026592641e-17,232.61764705882354,-0.04537815126050167,15.0,2.0,0.06666666666666665,3.6999999999999993,True,False,True,False,True
A000260,4150,297.97,18.0,2.0,2.0,7.059017484986522e-18,4.0,1.4118034969973043e-17,26.77777777777778,0.10113519091847312,11.0,2.0,0.0,3.2181818181818183,False,True,False,True,True
A000261,1524,200.0,4.0,2.0,2.0,-1.6429779903597286e-16,4.0,-3.285955980719457e-16,24.75,6.5,2.0,1.0,0.5,0.9,False,True,False,True,True
A000262,53133,4976.71,1.0,16.0,16.0,0.0,2.0,0.0,129.0,0.0,0.0,0.0,0.0,0.0,True,False,True,False,False
A000263,20042,1761.22,31.0,5.870967741935484,5.0,-0.002419354838709859,3.0,-2.0391326471411207e-17,77.29032258064517,0.32298387096774,16.0,1.0,0.0,4.14375,True,False,True,False,False
A000264,8714,659.42,10.0,2.0,2.0,3.210841961564283e-17,3.0,4.8162629423464247e-17,30.8,0.02424242424242524,8.0,1.0,0.0,4.85,False,True,False,True,True
A000265,20800,1892.49,8.0,5.875,6.0,-0.03571428571428607,3.0,-1.9088171249852354e-16,75.5,-3.3809523809523827,2.0,0.0,0.5,3.9,True,False,True,False,True
A000266,18200,1574.06,7.0,4.285714285714286,2.0,-0.7142857142857146,2.4285714285714284,-0.2142857142857144,71.42857142857143,-11.42857142857143,7.0,2.0,0.1428571428571429,4.366666666666666,True,False,True,False,True
A000267,2290,200.0,7.0,1.4285714285714286,1.0,-0.2142857142857142,2.4285714285714284,-0.2142857142857144,16.714285714285715,-2.142857142857143,10.0,3.0,0.19999999999999996,3.4250000000000003,False,True,False,True,False
A000268,26431,2521.43,1.0,7.0,7.0,0.0,4.0,0.0,131.0,0.0,0.0,0.0,0.0,0.0,True,False,True,False,False
A000269,14039,1092.98,19.0,4.0,4.0,-7.606091506734758e-17,2.0,-3.803045753367379e-17,63.10526315789474,-1.0052631578947377,11.0,1.0,0.0,3.1909090909090905,False,True,False,True,False
A000270,10960,838.76,10.0,4.1,5.0,0.2000000000000001,5.5,0.5151515151515151,54.4,3.939393939393939,2.0,0.0,0.0,4.55,False,True,False,True,True
A000271,25199,2147.61,5.0,7.8,8.0,0.1999999999999993,3.0,-4.151461237982223e-16,107.0,1.7999999999999907,6.0,0.0,0.33333333333333337,2.075,True,False,True,False,False
A000272,19109,1557.87,11.0,5.818181818181818,6.0,-0.05454545454545467,3.0,-1.2655971982378146e-17,91.81818181818181,-3.272727272727267,1.0,0.0,0.0,1.2,True,False,True,False,True
A000273,6597,525.97,9.0,1.5555555555555556,1.0,-0.1666666666666665,2.5555555555555554,-0.1666666666666663,20.77777777777778,-2.1166666666666645,18.0,3.0,0.38888888888888884,3.0090909090909084,False,True,False,True,False
A000274,19955,1451.69,3.0,6.0,6.0,2.0236448742981542e-16,3.0,1.0118224371490771e-16,58.333333333333336,-2.9999999999999907,1.0,0.0,0.0,1.5,True,False,True,False,True
A000275,7746,623.31,13.0,2.0,2.0,5.435088053270136e-17,3.0,9.023562674828846e-17,28.0,-0.362637362637362,8.0,0.0,0.0,5.25,False,True,False,True,False
A000276,38583,3441.81,11.0,12.0,12.0,0.15454545454545468,4.0,1.7561590809513314e-16,152.9090909090909,1.127272727272733,5.0,1.0,0.0,5.5600000000000005,True,False,True,False,True
A000277,25723,1966.65,16.0,8.0,8.0,-0.002941176470587944,3.0,6.941250574475034e-17,105.375,0.673529411764705,4.0,1.0,0.25,3.1666666666666665,True,False,True,False,False
A000278,5112,375.26,34.0,2.0,2.0,-1.0996409026592641e-17,3.0,6.353519540347771e-17,26.91176470588235,0.12360580595874712,17.0,3.0,0.05882352941176472,4.2749999999999995,False,True,False,True,True
A000279,6768,601.04,17.0,1.4705882352941178,1.0,-0.08578431372549013,2.411764705882353,-0.08578431372549013,18.647058823529413,-0.8970588235294108,24.0,8.0,0.16666666666666663,4.345000000000001,False,True,False,True,True
A000280,21025,1672.62,2.0,7.0,7.0,-1.7001631767970826e-15,3.0,-3.14018491736755e-16,132.0,15.999999999999979,1.0,0.0,0.0,6.8,True,False,True,False,True
A000281,18922,1623.74,3.0,8.0,9.0,1.5,5.666666666666667,2.5000000000000004,135.66666666666666,49.500000000000014,0.0,0.0,0.0,0.0,True,False,True,False,True
A000282,16858,1234.29,3.0,3.6666666666666665,2.0,-2.0,1.6666666666666667,-0.5000000000000003,56.333333333333336,-37.49999999999999,5.0,3.0,0.4,3.7999999999999994,True,False,True,False,False
A000283,59507,4337.08,1.0,21.0,21.0,0.0,3.0,0.0,220.0,0.0,0.0,0.0,0.0,0.0,True,False,True,False,False
A000284,50709,4409.2,20.0,16.3,17.0,0.03609022556390937,4.0,-1.0012986500643879e-16,229.05,1.1240601503759378,11.0,1.0,0.2727272727272727,2.35,True,False,True,False,False
A000285,42200,3103.39,15.0,9.866666666666667,6.0,-0.5964285714285714,3.2666666666666666,-0.11428571428571424,145.46666666666667,-6.971428571428571,15.0,7.0,0.4,3.244444444444445,True,False,True,False,False
A000286,2384,205.02,4.0,1.5,1.0,-0.3999999999999999,2.25,-0.3,16.25,-6.500000000000001,13.0,5.0,0.3076923076923077,4.344444444444445,False,True,False,True,False
A000287,56711,5104.97,3.0,17.666666666666668,19.0,1.0000000000000036,2.0,5.034398893406447e-16,227.66666666666666,-71.00000000000001,0.0,0.0,0.0,0.0,True,False,True,False,True
A000288,21581,1908.74,37.0,9.91891891891892,11.0,0.16405879563774306,6.513513513513513,0.14129919393077295,141.54054054054055,2.0455192034139427,11.0,0.0,0.09090909090909094,6.4300000000000015,True,False,True,False,False
A000289,6471,564.11,13.0,2.0,2.0,5.435088053270136e-17,2.0,5.435088053270136e-17,26.46153846153846,-0.8186813186813192,4.0,0.0,0.0,3.0250000000000004,False,True,False,True,False
A000290,5006,437.39,28.0,2.0,2.0,6.438850970431975e-17,2.0,6.438850970431975e-17,25.607142857142858,0.18089764641488776,12.0,2.0,0.25,4.166666666666667,False,True,False,True,False
A000291,2730,246.14,21.0,2.0,2.0,-2.261946459671728e-17,4.0,-4.523892919343456e-17,24.952380952380953,-0.14285714285714235,14.0,3.0,0.2142857142857143,3.5818181818181816,False,True,False,True,True
A000292,9723,697.95,27.0,4.148148148148148,5.0,0.09401709401709409,6.481481481481482,0.19230769230769246,50.0,0.5219780219780222,7.0,2.0,0.1428571428571429,2.8166666666666664,False,True,False,True,True
A000293,10754,904.29,13.0,3.0,3.0,9.023562674828846e-17,3.0,9.023562674828846e-17,42.76923076923077,-0.5494505494505487,6.0,0.0,0.33333333333333337,3.3,False,True,False,True,False
A000294,44619,4055.0,35.0,14.028571428571428,13.0,-0.007282913165265963,4.0,3.687691213783384e-17,198.4857142857143,-1.250980392156863,17.0,2.0,0.05882352941176472,3.4749999999999996,True,False,True,False,False
A000295,14340,1023.14,28.0,5.821428571428571,8.0,0.10700602079912423,6.5,0.18828680897646421,78.5,1.206349206349207,7.0,1.0,0.0,4.485714285714287,False,True,False,True,True
A000296,42283,3668.78,23.0,14.130434782608695,13.0,-0.034584980237154034,2.0,-3.9020150566571225e-17,202.3913043478261,-1.3903162055335958,8.0,0.0,0.0,3.0125,True,False,True,False,False
A000297,9913,914.02,22.0,3.0,3.0,-5.170951656061197e-17,2.0,6.064101842980168e-18,41.0,0.06098249576510534,14.0,1.0,0.0714285714285714,4.2,False,True,False,True,False
A000298,39277,2858.63,9.0,12.666666666666666,12.0,-0.08333333333333298,3.0,-3.419931092488579e-17,170.0,5.916666666666678,4.0,0.0,0.0,1.875,True,False,True,False,False
A000299,50074,4325.61,34.0,22.676470588235293,30.0,0.36684491978609635,5.470588235294118,0.15614973262032086,293.8235294117647,4.4898395721925155,10.0,0.0,0.0,5.569999999999999,True,False,True,False,True
A000300,8127,642.44,28.0,2.0,2.0,6.438850970431975e-17,3.0,6.392783797933884e-17,29.107142857142858,0.08456486042692983,22.0,2.0,0.045454545454545414,4.842857142857143,False,True,False,True,True
A000301,19713,1464.23,9.0,8.333333333333334,12.0,0.6666666666666669,4.444444444444445,0.6,129.66666666666666,6.616666666666677,5.0,1.0,0.0,4.619999999999999,True,False,True,False,True
A000302,9515,837.9,30.0,4.066666666666666,5.0,0.07385984427141258,4.5,0.17018909899888762,55.36666666666667,1.1873192436040039,5.0,0.0,0.19999999999999996,4.675000000000001,False,True,False,True,True
A000303,8692,803.99,6.0,2.0,2.0,1.5902414263964848e-17,3.0,-7.1104819549512e-17,25.833333333333332,1.5142857142857136,2.0,0.0,0.0,5.1,False,True,False,True,False
A000304,13537,1262.73,1.0,4.0,4.0,0.0,3.0,0.0,42.0,0.0,0.0,0.0,0.0,0.0,False,True,False,True,True
A000305,22880,2152.54,29.0,7.0344827586206895,7.0,-0.0014778325123153918,3.0,-3.0921413744436907e-17,98.72413793103448,-0.2330049261083732,20.0,2.0,0.09999999999999998,4.53888888888889,True,False,True,False,False
A000306,10117,968.13,7.0,3.0,3.0,1.9417027631232206e-17,4.0,-1.7694396790519387e-16,38.714285714285715,-0.6785714285714284,3.0,0.0,0.0,3.866666666666667,False,True,False,True,False
A000307,9545,755.09,37.0,3.0,3.0,6.326632738553495e-17,3.0,6.326632738553495e-17,38.270270270270274,0.13276434329065934,23.0,0.0,0.08695652173913049,2.642857142857143,False,True,False,True,True
A000308,45211,4084.2,2.0,16.0,16.0,-1.25607396694702e-15,3.0,-3.14018491736755e-16,156.0,-4.000000000000033,0.0,0.0,0.0,0.0,True,False,True,False,True
A000309,15626,1370.54,3.0,5.0,5.0,4.0601940079577054e-16,3.0,1.0118224371490771e-16,86.33333333333333,8.500000000000004,1.0,0.0,0.0,3.4,True,False,True,False,False
A000310,2100,200.0,31.0,2.0,2.0,-1.541474743955434e-19,3.0,-2.0391326471411207e-17,26.0,-0.14475806451612966,11.0,2.0,0.09090909090909094,4.57,False,True,False,True,False
A000311,5160,396.85,22.0,2.0,2.0,6.064101842980168e-18,2.0,6.064101842980168e-18,26.227272727272727,-0.1372106154714848,7.0,1.0,0.0,4.085714285714285,False,True,False,True,True
A000312,26270,1918.75,25.0,7.92,8.0,-1.415595438046309e-16,3.0,1.983778464620202e-17,112.36,-0.27153846153846306,8.0,1.0,0.375,4.48,True,False,True,False,False
A000313,34401,3018.34,11.0,15.545454545454545,18.0,0.7636363636363639,5.2727272727272725,0.5000000000000002,220.0,9.972727272727278,6.0,2.0,0.16666666666666663,4.3999999999999995,True,False,True,False,True
A000314,27340,2120.49,25.0,9.04,9.0,-0.02384615384615402,3.0,1.983778464620202e-17,124.76,-2.302307692307694,16.0,2.0,0.375,3.29,True,False,True,False,True
A000315,157175,13404.8,8.0,35.625,19.0,-4.440476190476191,3.125,-0.22619047619047605,404.25,-24.476190476190485,8.0,2.0,0.375,3.8,False,False,False,False,True
A000316,28351,2319.3,7.0,9.142857142857142,10.0,0.3571428571428566,3.0,1.9417027631232206e-17,105.71428571428571,1.3928571428571372,8.0,0.0,0.0,3.0,True,False,True,False,False
A000317,32968,2635.61,11.0,9.909090909090908,10.0,-0.036363636363636695,4.0,1.7561590809513314e-16,135.9090909090909,-0.16363636363635972,6.0,0.0,0.0,4.95,True,False,True,False,False
A000318,43661,4090.47,12.0,19.666666666666668,27.0,1.3496503496503498,4.5,0.4895104895104895,272.1666666666667,25.419580419580416,9.0,2.0,0.33333333333333337,7.2,True,False,True,False,False
A000319,32246,2565.79,19.0,9.947368421052632,9.0,-0.06666666666666686,3.0,-1.360657889354296e-16,136.94736842105263,-1.9473684210526334,4.0,1.0,0.25,2.3,True,False,True,False,False
A000320,11414,908.44,29.0,3.0,3.0,-3.0921413744436907e-17,2.0,-1.8400120122448966e-17,44.37931034482759,0.06206896551724103,21.0,2.0,0.09523809523809523,4.189473684210526,False,True,False,True,False
A000321,3761,267.18,2.0,1.5,1.0,-1.0,1.5,-1.0,22.0,-23.999999999999996,4.0,3.0,0.5,4.35,False,True,False,True,False
A000322,7210,646.57,1.0,2.0,2.0,0.0,3.0,0.0,32.0,0.0,0.0,0.0,0.0,0.0,False,True,False,True,False
A000323,32099,2762.84,6.0,7.166666666666667,4.0,-1.4,2.5,-0.2571428571428568,125.83333333333333,-25.857142857142858,6.0,1.0,0.16666666666666663,4.16,True,False,True,False,True
A000324,36858,3114.73,39.0,11.846153846153847,13.0,-0.0008097165991903103,4.0,7.0636926019373e-18,163.69230769230768,-0.7123481781376529,17.0,1.0,0.17647058823529416,5.071428571428571,True,False,True,False,False
A000325,40662,3756.47,16.0,12.9375,14.0,0.08088235294117689,2.0,1.5529913695070524e-17,180.4375,0.11911764705882909,10.0,2.0,0.19999999999999996,4.95,True,False,True,False,False
A000326,3882,279.58,10.0,2.0,2.0,3.210841961564283e-17,3.0,4.8162629423464247e-17,27.6,0.25454545454545513,2.0,0.0,0.0,5.699999999999999,False,True,False,True,False
A000327,6503,538.28,14.0,2.857142857142857,3.0,0.09230769230769238,5.5,0.38901098901098907,44.142857142857146,2.8791208791208796,5.0,1.0,0.19999999999999996,3.8499999999999996,False,True,False,True,False
A000328,30151,2706.23,2.0,10.5,11.0,0.999999999999999,2.0,-1.570092458683775e-16,163.0,93.99999999999999,0.0,0.0,0.0,0.0,True,False,True,False,False
A000329,34540,2722.09,34.0,10.764705882352942,10.0,-0.0030557677616500647,3.0,6.353519540347771e-17,146.35294117647058,1.0829640947288026,9.0,2.0,0.0,3.0999999999999996,True,False,True,False,True
A000330,44650,3800.11,1.0,14.0,14.0,0.0,4.0,0.0,223.0,0.0,3.0,0.0,0.33333333333333337,1.6,True,False,True,False,False
A000331,10048,894.85,9.0,3.0,3.0,-3.419931092488579e-17,2.0,1.3266277840460404e-16,38.77777777777778,-0.766666666666665,8.0,1.0,0.0,3.075,False,True,False,True,True
A000332,6700,533.9,13.0,2.0,2.0,5.435088053270136e-17,3.0,9.023562674828846e-17,27.53846153846154,-0.17582417582417562,9.0,0.0,0.11111111111111116,4.7375,False,True,False,True,True
A000333,5652,485.99,33.0,2.0,2.0,8.482309336103327e-18,2.0,8.482309336103327e-18,27.636363636363637,-0.1039438502673796,22.0,4.0,0.045454545454545414,5.280952380952381,False,True,False,True,True
A000334,35185,3155.24,35.0,15.342857142857143,17.0,0.2386554621848739,6.514285714285714,0.15154061624649856,197.11428571428573,3.533333333333334,10.0,2.0,0.09999999999999998,4.266666666666667,True,False,True,False,False
A000335,8411,652.77,5.0,1.6,1.0,-0.30000000000000016,2.4,-0.30000000000000054,23.0,-5.400000000000003,8.0,2.0,0.125,2.185714285714286,False,True,False,True,True
A000336,11518,1075.09,5.0,2.0,1.0,-0.40000000000000013,2.4,-0.30000000000000054,28.8,-2.8000000000000047,4.0,0.0,0.0,2.55,False,True,False,True,False
A000337,10424,789.8,7.0,3.0,3.0,1.9417027631232206e-17,3.0,1.9417027631232206e-17,39.142857142857146,-0.35714285714285615,3.0,1.0,0.6666666666666667,6.4,False,True,False,True,False
A000338,34397,2604.1,12.0,11.5,12.0,0.03496503496503501,2.0,1.3783662038502192e-18,162.33333333333334,-3.566433566433566,7.0,2.0,0.0,2.6,True,False,True,False,False
A000339,69212,6249.88,10.0,23.2,25.0,0.01212121212121195,2.0,3.210841961564283e-17,325.1,1.7151515151515269,5.0,0.0,0.0,2.4,False,False,False,False,True
A000340,9252,693.24,20.0,3.0,3.0,-3.45698662836618e-17,2.0,-5.0064932503219396e-17,39.3,0.45413533834586467,15.0,2.0,0.06666666666666665,3.2571428571428567,False,True,False,True,False
A000341,8514,766.41,12.0,2.0,2.0,1.3783662038502192e-18,4.0,2.7567324077004384e-18,27.666666666666668,1.1468531468531469,6.0,0.0,0.0,5.733333333333334,False,True,False,True,True
A000342,27781,2592.21,29.0,12.379310344827585,16.0,0.26256157635467964,4.551724137931035,0.17586206896551726,168.48275862068965,3.4034482758620683,9.0,1.0,0.11111111111111116,3.75,True,False,True,False,True
A000343,17539,1349.97,5.0,7.2,10.0,1.1999999999999997,4.4,1.3,116.4,35.4,1.0,0.0,0.0,5.4,True,False,True,False,False
A000344,11626,984.08,35.0,3.0,3.0,-7.196433839318616e-17,2.0,1.843845606891692e-17,41.142857142857146,0.40560224089635866,18.0,2.0,0.11111111111111116,4.5125,False,True,False,True,True
A000345,56461,4345.22,7.0,12.428571428571429,8.0,-1.7499999999999998,3.142857142857143,-0.2857142857142859,186.0,-27.964285714285726,10.0,2.0,0.19999999999999996,3.3625,True,False,True,False,True
A000346,8481,700.36,3.0,1.6666666666666667,1.0,-0.5000000000000003,1.6666666666666667,-0.5000000000000003,22.333333333333332,-12.000000000000002,7.0,2.0,0.2857142857142857,6.299999999999999,False,True,False,True,True
A000347,4636,361.74,11.0,1.4545454545454546,1.0,-0.1363636363636363,1.5454545454545454,-0.13636363636363633,21.636363636363637,-2.7545454545454535,16.0,5.0,0.25,3.766666666666667,False,True,False,True,False
A000348,9173,741.43,32.0,3.0,3.0,7.471878699925958e-17,4.0,1.0443137044053249e-16,41.0625,0.18951612903225873,16.0,1.0,0.1875,5.86923076923077,False,True,False,True,True
A000349,9462,825.45,11.0,4.454545454545454,5.0,0.21818181818181825,6.545454545454546,0.5545454545454548,51.90909090909091,3.027272727272729,5.0,0.0,0.0,4.54,False,True,False,True,False
A000350,12407,964.47,9.0,3.0,1.0,-0.38333333333333314,2.4444444444444446,-0.1666666666666665,37.111111111111114,-3.3333333333333326,12.0,3.0,0.16666666666666663,3.31,False,True,False,True,False
A000351,54143,4673.02,5.0,24.4,30.0,2.6999999999999997,5.6,1.2999999999999996,388.8,77.8,3.0,0.0,0.33333333333333337,8.5,True,False,True,False,False
A000352,5664,511.3,11.0,1.4545454545454546,1.0,-0.1363636363636363,3.272727272727273,-0.17272727272727248,18.272727272727273,-1.6636363636363631,11.0,1.0,0.09090909090909094,4.779999999999999,False,True,False,True,True
A000353,19142,1452.88,18.0,6.055555555555555,6.0,0.013415892672858837,3.0,5.518364895570431e-17,85.88888888888889,-1.5644994840041273,8.0,1.0,0.125,6.228571428571428,True,False,True,False,True
A000354,3434,279.89,0.0,0.0,0.0,0.0,0.0,0.0,0.0,0.0,0.0,0.0,0.0,0.0,False,True,False,True,False
A000355,4656,369.47,2.0,2.0,2.0,-1.570092458683775e-16,4.0,-3.14018491736755e-16,18.5,5.0,0.0,0.0,0.0,0.0,False,True,False,True,True
A000356,24102,1783.57,12.0,8.0,9.0,0.06993006993006996,3.0,9.429455119166883e-17,110.25,2.43706293706294,9.0,2.0,0.0,2.811111111111111,True,False,True,False,False
A000357,59160,4992.42,36.0,19.416666666666668,21.0,-0.024581724581723995,3.0,7.509979782292707e-17,276.5833333333333,0.81428571428572,18.0,2.0,0.0,4.6,True,False,True,False,True
A000358,12532,1091.54,4.0,3.25,2.0,-0.7,1.5,-0.3999999999999999,52.0,-15.4,6.0,3.0,0.33333333333333337,5.175,False,True,False,True,False
A000359,17899,1345.83,28.0,5.0,5.0,4.425680128969818e-17,3.0,6.392783797933884e-17,69.78571428571429,-0.6715927750410492,19.0,3.0,0.052631578947368474,3.466666666666667,True,False,True,False,True
A000360,24633,2044.31,17.0,7.9411764705882355,8.0,-0.0024509803921566294,4.0,1.2695963894704608e-16,102.58823529411765,-1.7058823529411773,16.0,1.0,0.0625,4.013333333333334,True,False,True,False,True
A000361,25344,2186.34,26.0,11.115384615384615,14.0,0.206837606837607,5.461538461538462,0.19965811965811964,163.07692307692307,3.390085470085471,4.0,0.0,0.0,4.9,True,False,True,False,True
A000362,2730,208.41,10.0,1.5,1.0,-0.15151515151515152,3.2,-0.1818181818181817,20.4,-1.8424242424242405,14.0,8.0,0.1428571428571429,4.891666666666667,False,True,False,True,False
A000363,71723,6685.28,12.0,22.75,24.0,0.01048951048951078,3.0,9.429455119166883e-17,348.1666666666667,-1.3776223776223717,2.0,1.0,0.0,4.1,False,False,False,False,False
A000364,11735,961.63,35.0,3.0,3.0,-7.196433839318616e-17,4.0,3.687691213783384e-17,42.371428571428574,0.03165266106442598,13.0,1.0,0.0,6.053846153846154,False,True,False,True,False
A000365,13449,1206.17,35.0,4.0,4.0,3.687691213783384e-17,2.0,1.843845606891692e-17,56.02857142857143,0.2478991596638658,17.0,2.0,0.11764705882352944,3.6866666666666665,False,True,False,True,False
A000366,46357,4042.41,32.0,14.9375,14.0,-0.006231671554251692,4.0,1.0443137044053249e-16,190.34375,-2.8385263929618705,22.0,3.0,0.0,2.859090909090909,True,False,True,False,False
A000367,4906,453.21,5.0,1.4,1.0,-0.30000000000000016,2.4,-0.30000000000000054,23.0,-5.900000000000003,5.0,1.0,0.0,5.4799999999999995,False,True,False,True,False
A000368,10315,892.87,15.0,3.0,3.0,3.9801698827525604e-17,4.0,1.4984599085366893e-16,42.666666666666664,-0.7178571428571413,6.0,0.0,0.0,3.583333333333334,False,True,False,True,False
A000369,36597,2889.54,10.0,11.6,12.0,0.04848484848484851,2.0,3.210841961564283e-17,148.1,4.127272727272731,5.0,2.0,0.4,7.8999999999999995,True,False,True,False,False
A000370,27851,2357.13,34.0,12.235294117647058,15.0,0.1879297173414821,5.382352941176471,0.14957983193277305,167.85294117647058,2.06157372039725,9.0,1.0,0.11111111111111116,4.225,True,False,True,False,False
A000371,20263,1451.32,6.0,6.0,6.0,-1.42209639099024e-16,4.0,3.1804828527929695e-17,77.66666666666667,-11.428571428571429,2.0,0.0,0.0,2.4000000000000004,True,False,True,False,True
A000372,22251,1857.63,23.0,7.217391304347826,7.0,-0.008893280632411078,3.0,2.3752813476359876e-17,101.30434782608695,-0.7164031620553364,12.0,0.0,0.08333333333333337,2.809090909090909,True,False,True,False,True
A000373,32163,2592.39,37.0,9.945945945945946,10.0,-0.019440493124703594,3.0,6.326632738553495e-17,139.21621621621622,0.08013276434329074,15.0,4.0,0.06666666666666665,3.7,True,False,True,False,True
A000374,39125,3095.59,12.0,9.25,5.0,-0.6258741258741254,3.25,-0.15034965034965012,133.66666666666666,-7.020979020979018,13.0,7.0,0.23076923076923073,5.819999999999999,True,False,True,False,True
A000375,34830,3048.85,5.0,15.0,18.0,1.9000000000000001,4.4,1.3,242.4,31.699999999999996,1.0,1.0,0.0,3.2,True,False,True,False,False
A000376,5905,441.77,10.0,1.5,1.0,-0.15151515151515152,1.6,-0.14545454545454548,17.8,-1.2121212121212113,24.0,11.0,0.41666666666666663,4.292857142857143,False,True,False,True,True
A000377,29074,2477.41,9.0,12.333333333333334,17.0,1.1166666666666667,4.444444444444445,0.6,178.33333333333334,12.949999999999998,4.0,0.0,0.0,2.775,True,False,True,False,False
A000378,5927,557.08,13.0,2.0,2.0,5.435088053270136e-17,3.0,9.023562674828846e-17,26.307692307692307,-0.5274725274725256,2.0,0.0,0.0,9.25,False,True,False,True,True
A000379,12412,1013.21,1.0,4.0,4.0,0.0,4.0,0.0,32.0,0.0,5.0,2.0,0.0,4.58,False,True,False,True,False
A000380,3188,267.62,2.0,1.5,1.0,-1.0,1.5,-1.0,13.5,-12.999999999999998,8.0,4.0,0.5,2.375,False,True,False,True,True
A000381,4173,338.95,24.0,2.8333333333333335,4.0,0.08869565217391302,4.5,0.22086956521739126,38.291666666666664,0.9099999999999996,9.0,0.0,0.0,4.3,False,True,False,True,False
A000382,53183,4005.39,37.0,16.864864864864863,16.0,0.000948316737790566,4.0,9.365763225663747e-17,237.51351351351352,0.12517780938833822,19.0,1.0,0.10526315789473684,4.8647058823529425,True,False,True,False,False
A000383,9944,905.2,18.0,3.0,3.0,5.518364895570431e-17,2.0,7.059017484986522e-18,41.611111111111114,-1.2641898864809071,10.0,0.0,0.19999999999999996,4.4875,False,True,False,True,False
A000384,3572,317.44,27.0,2.0,2.0,2.1697170904448208e-17,3.0,-3.41604671038023e-17,27.14814814814815,0.087912087912088,24.0,5.0,0.16666666666666663,4.265000000000001,False,True,False,True,True
A000385,12062,953.4,0.0,0.0,0.0,0.0,0.0,0.0,0.0,0.0,0.0,0.0,0.0,0.0,False,True,False,True,False
A000386,7255,685.7,4.0,1.5,1.0,-0.3999999999999999,3.0,-0.5999999999999998,17.0,-7.3999999999999995,6.0,2.0,0.33333333333333337,3.1,False,True,False,True,True
A000387,23365,1807.87,25.0,7.04,7.0,0.013076923076923031,3.0,1.983778464620202e-17,100.8,0.20153846153846236,17.0,5.0,0.0,4.635294117647058,True,False,True,False,True
A000388,17564,1314.8,25.0,5.0,5.0,-3.460776232872046e-17,2.0,-4.1757283836349265e-17,70.28,0.2799999999999988,8.0,2.0,0.125,4.700000000000001,True,False,True,False,False
A000389,36208,3027.88,21.0,11.857142857142858,12.0,0.011688311688311937,2.0,-2.261946459671728e-17,176.47619047619048,0.9714285714285735,9.0,0.0,0.0,4.2,True,False,True,False,True
A000390,13913,1279.83,31.0,4.0,4.0,-3.082949487910868e-19,2.0,-1.541474743955434e-19,55.45161290322581,0.1874999999999993,14.0,2.0,0.2142857142857143,4.427272727272728,False,True,False,True,False
A000391,7179,522.25,3.0,1.3333333333333333,1.0,-0.5,2.3333333333333335,-0.4999999999999996,13.666666666666666,-3.4999999999999973,3.0,2.0,0.6666666666666667,2.7,False,True,False,True,True
A000392,11424,1086.67,9.0,2.111111111111111,1.0,-0.2499999999999998,3.2222222222222223,-0.2166666666666665,30.555555555555557,-3.649999999999999,5.0,3.0,0.0,4.279999999999999,False,True,False,True,False
A000393,42059,3308.74,38.0,14.078947368421053,13.0,-0.004048582995951272,4.0,4.202175504390993e-17,191.3684210526316,0.2923733450049218,20.0,3.0,0.15000000000000002,4.582352941176469,True,False,True,False,False
A000394,7119,505.54,2.0,2.0,2.0,-1.570092458683775e-16,3.0,-3.14018491736755e-16,27.5,-16.999999999999996,1.0,0.0,0.0,7.4,False,True,False,True,False
A000395,4677,420.67,39.0,2.0,2.0,3.53184630096865e-18,4.0,7.0636926019373e-18,28.23076923076923,0.16801619433198361,15.0,2.0,0.0,3.7533333333333334,False,True,False,True,False
A000396,31493,2904.67,4.0,7.25,4.0,-2.099999999999999,2.5,-0.4000000000000004,100.0,-49.599999999999994,6.0,1.0,0.5,4.133333333333333,True,False,True,False,False
A000397,4652,0.0,38.0,2.6578947368421053,3.0,0.0416894627420943,4.473684210526316,0.1359010832695043,38.60526315789474,0.7664952401794505,15.0,3.0,0.06666666666666665,2.9499999999999997,False,True,False,True,False
A000398,22121,1655.52,1.0,6.0,6.0,0.0,3.0,0.0,53.0,0.0,0.0,0.0,0.0,0.0,True,False,True,False,False
A000399,4415,380.3,29.0,2.0,2.0,-1.8400120122448966e-17,2.0,-1.8400120122448966e-17,29.655172413793103,-0.3137931034482758,22.0,3.0,0.0,3.6818181818181817,False,True,False,True,True
A000400,31252,2925.08,16.0,9.9375,9.0,-0.036764705882352894,2.0,1.5529913695070524e-17,126.5,-1.0499999999999987,7.0,1.0,0.0,4.2,True,False,True,False,False
A000401,20144,1892.84,3.0,4.333333333333333,3.0,-1.4999999999999991,2.3333333333333335,-0.4999999999999996,60.0,-43.50000000000001,2.0,1.0,0.0,1.5,True,False,True,False,False
A000402,5195,-50.0,17.0,2.0,2.0,6.347981947352304e-17,2.0,6.347981947352304e-17,29.176470588235293,0.13725490196078433,1.0,0.0,0.0,1.0,False,True,False,True,False
A000403,10256,948.46,24.0,3.0,3.0,-3.7457782053856407e-17,2.0,-6.626518791160187e-17,42.166666666666664,-0.36521739130434905,11.0,0.0,0.2727272727272727,2.3125,False,True,False,True,False
A000404,19011,1382.07,4.0,6.0,6.0,5.138366118862833e-17,4.0,-3.285955980719457e-16,82.5,4.800000000000004,6.0,0.0,0.33333333333333337,4.575,True,False,True,False,False
A000405,9169,839.19,28.0,3.0,3.0,6.392783797933884e-17,4.0,1.287770194086395e-16,41.0,-0.13355227148330545,11.0,0.0,0.18181818181818177,3.4666666666666663,False,True,False,True,True
A000406,6554,513.51,12.0,1.4166666666666667,1.0,-0.12237762237762234,3.25,-0.15034965034965012,18.666666666666668,-2.0279720279720275,15.0,7.0,0.33333333333333337,3.2399999999999998,False,True,False,True,True
A000407,8630,771.04,19.0,2.0,2.0,-3.803045753367379e-17,2.0,-3.803045753367379e-17,30.0,0.08245614035087666,13.0,1.0,0.15384615384615385,3.3818181818181814,False,True,False,True,False
A000408,2172,200.0,12.0,2.0,2.0,1.3783662038502192e-18,4.0,2.7567324077004384e-18,26.666666666666668,-0.3986013986013981,6.0,0.0,0.16666666666666663,5.74,False,True,False,True,True
A000409,6437,483.51,6.0,2.0,2.0,1.5902414263964848e-17,4.0,3.1804828527929695e-17,23.166666666666668,0.028571428571427446,4.0,1.0,0.5,7.199999999999999,False,True,False,True,True
A000410,6947,660.82,31.0,2.0,2.0,-1.541474743955434e-19,3.0,-2.0391326471411207e-17,27.193548387096776,0.25040322580645114,15.0,3.0,0.06666666666666665,2.742857142857143,False,True,False,True,True
A000411,26368,2201.41,7.0,11.0,14.0,1.0357142857142858,4.428571428571429,0.7857142857142858,165.42857142857142,12.499999999999993,2.0,1.0,0.0,1.6,True,False,True,False,True
A000412,23582,1914.5,15.0,9.733333333333333,12.0,0.45714285714285724,4.466666666666667,0.3714285714285715,135.93333333333334,3.1500000000000026,3.0,1.0,0.0,8.0,True,False,True,False,True
A000413,6849,535.39,8.0,2.0,2.0,2.1985964165811086e-17,3.0,-1.9088171249852354e-16,25.5,-2.5952380952380953,2.0,0.0,0.5,0.8,False,True,False,True,False
A000414,4800,362.32,11.0,2.727272727272727,4.0,0.17272727272727276,5.636363636363637,0.5363636363636364,36.90909090909091,2.436363636363637,3.0,1.0,0.0,5.2,False,True,False,True,True
A000415,21645,1652.14,22.0,9.681818181818182,14.0,0.23546019198193116,4.636363636363637,0.23602484472049687,139.1818181818182,2.4754376058723895,7.0,0.0,0.2857142857142857,3.44,True,False,True,False,True
A000416,3747,326.75,19.0,2.789473684210526,4.0,0.11228070175438598,5.526315789473684,0.27543859649122804,37.68421052631579,1.4456140350877187,7.0,1.0,0.1428571428571429,5.733333333333333,False,True,False,True,True
A000417,4709,389.84,26.0,2.0,2.0,7.21925230105826e-18,3.0,6.297099360568438e-19,27.53846153846154,0.2570940170940169,16.0,2.0,0.0625,3.753333333333333,False,True,False,True,True
A000418,40455,2936.17,7.0,12.714285714285714,12.0,-0.24999999999999936,3.0,1.9417027631232206e-17,198.85714285714286,-12.535714285714285,4.0,0.0,0.0,5.5249999999999995,True,False,True,False,False
A000419,18246,1722.13,28.0,6.071428571428571,6.0,0.009304871373836905,3.0,6.392783797933884e-17,83.96428571428571,0.4972632731253426,16.0,2.0,0.125,4.071428571428571,True,False,True,False,False
A000420,20232,1840.32,22.0,8.681818181818182,11.0,0.26143421795595706,5.5,0.25127046866177305,112.0909090909091,2.605307735742519,8.0,2.0,0.125,3.557142857142857,True,False,True,False,True
A000421,2928,241.41,0.0,0.0,0.0,0.0,0.0,0.0,0.0,0.0,0.0,0.0,0.0,0.0,False,True,False,True,False
A000422,4467,330.66,31.0,2.0,2.0,-1.541474743955434e-19,3.0,-2.0391326471411207e-17,25.29032258064516,-0.006854838709677723,18.0,0.0,0.05555555555555558,4.0588235294117645,False,True,False,True,False
A000423,3037,220.14,12.0,2.8333333333333335,4.0,0.17482517482517484,6.5,0.48951048951048964,37.25,1.7377622377622381,5.0,0.0,0.19999999999999996,3.675,False,True,False,True,False
A000424,15849,1251.59,6.0,3.6666666666666665,2.0,-0.6285714285714284,3.1666666666666665,-0.3714285714285714,59.0,-8.628571428571432,4.0,2.0,0.0,2.55,True,False,True,False,True
A000425,24980,1933.12,3.0,9.0,9.0,1.5774270699297683e-15,2.0,5.034398893406447e-16,102.33333333333333,3.5000000000000084,0.0,0.0,0.0,0.0,True,False,True,False,False
A000426,2511,236.08,21.0,2.0,2.0,-2.261946459671728e-17,3.0,-1.533878681486988e-17,27.428571428571427,-0.34675324675324676,15.0,3.0,0.0,2.8866666666666663,False,True,False,True,True
A000427,28472,2491.18,5.0,6.2,4.0,-1.200000000000001,1.6,-0.30000000000000016,90.6,-24.900000000000013,9.0,3.0,0.11111111111111116,2.6624999999999996,True,False,True,False,False
A000428,20528,1530.17,4.0,5.75,5.0,-0.2999999999999999,4.0,-3.285955980719457e-16,84.75,-14.300000000000006,1.0,0.0,0.0,5.8,True,False,True,False,False
A000429,3717,309.02,40.0,2.0,2.0,1.1594308028789188e-17,2.0,1.1594308028789188e-17,27.375,-0.06106941838649163,16.0,1.0,0.0625,4.7,False,True,False,True,False
A000430,6179,455.1,3.0,1.3333333333333333,1.0,-0.5,2.3333333333333335,-0.4999999999999996,13.333333333333334,-5.4999999999999964,12.0,2.0,0.33333333333333337,2.8375,False,True,False,True,False
A000431,43586,3394.8,2.0,21.0,26.0,9.999999999999995,4.5,4.999999999999998,198.0,55.999999999999964,2.0,2.0,0.0,6.1,True,False,True,False,False
A000432,32419,2507.37,38.0,10.052631578947368,10.0,0.008316008316008264,2.0,2.1010877521954964e-17,141.23684210526315,-0.7389211073421615,15.0,3.0,0.1333333333333333,3.7307692307692304,True,False,True,False,True
A000433,13589,1299.48,7.0,5.142857142857143,7.0,0.5714285714285712,5.142857142857143,0.7142857142857143,64.57142857142857,4.107142857142857,2.0,1.0,0.0,5.15,False,True,False,True,True
A000434,4504,337.42,22.0,2.0,2.0,6.064101842980168e-18,3.0,-5.170951656061197e-17,29.545454545454547,0.14568040654997227,9.0,1.0,0.11111111111111116,3.175,False,True,False,True,True
A000435,26094,2319.62,25.0,8.08,8.0,0.011538461538461638,3.0,1.983778464620202e-17,109.76,-0.7476923076923097,9.0,1.0,0.0,3.711111111111111,True,False,True,False,False
A000436,4351,351.21,4.0,2.0,2.0,-1.6429779903597286e-16,2.0,-1.6429779903597286e-16,35.5,3.4000000000000044,2.0,0.0,0.0,3.55,False,True,False,True,False
A000437,16731,1442.25,13.0,5.0,5.0,-9.205903401156925e-17,2.0,5.435088053270136e-17,66.15384615384616,0.8956043956043973,8.0,0.0,0.125,2.2857142857142856,True,False,True,False,False
A000438,15927,1211.91,7.0,3.2857142857142856,2.0,-0.39285714285714274,3.142857142857143,-0.2857142857142859,51.285714285714285,-6.785714285714288,6.0,1.0,0.0,3.0833333333333335,True,False,True,False,False
A000439,32582,2713.83,29.0,10.206896551724139,9.0,-0.02068965517241414,3.0,-3.0921413744436907e-17,145.48275862068965,-1.0123152709359615,19.0,2.0,0.10526315789473684,3.676470588235294,True,False,True,False,True
A000440,21734,1550.04,4.0,5.5,3.0,-1.5999999999999996,2.5,-0.4000000000000004,54.75,-12.30000000000001,5.0,1.0,0.0,4.279999999999999,True,False,True,False,True
A000441,52922,4532.83,25.0,16.68,16.0,-0.02923076923076919,4.0,-8.351456767269853e-17,245.2,0.039230769230771026,13.0,2.0,0.23076923076923073,3.4,True,False,True,False,False
A000442,28157,2008.71,30.0,8.8,9.0,0.0164627363737484,2.0,-3.255583432569295e-17,118.56666666666666,-0.2106785317018937,17.0,0.0,0.11764705882352944,4.16,True,False,True,False,True
A000443,4476,334.1,30.0,2.0,2.0,-3.255583432569295e-17,4.0,-6.51116686513859e-17,27.733333333333334,0.05383759733036624,18.0,3.0,0.2222222222222222,3.0357142857142856,False,True,False,True,False
A000444,29778,2260.66,6.0,6.0,3.0,-1.1428571428571426,3.1666666666666665,-0.3714285714285714,83.5,-2.3714285714285706,8.0,3.0,0.375,3.46,True,False,True,False,True
A000445,97219,8500.36,29.0,31.75862068965517,31.0,0.04729064039408837,4.0,-3.680024024489793e-17,469.41379310344826,-0.7876847290640497,18.0,3.0,0.0,4.855555555555555,False,False,False,False,False
A000446,5122,420.91,5.0,1.4,1.0,-0.30000000000000016,2.4,-0.30000000000000054,20.8,-5.300000000000003,9.0,2.0,0.2222222222222222,2.814285714285714,False,True,False,True,False
A000447,84229,5988.93,12.0,37.75,44.0,1.6818181818181817,6.333333333333333,0.4685314685314685,513.1666666666666,26.538461538461526,2.0,1.0,0.0,7.85,False,False,False,False,False
A000448,65372,-50.0,12.0,21.0,19.0,-0.05594405594405591,3.0,9.429455119166883e-17,241.33333333333334,-5.643356643356638,2.0,0.0,0.5,3.8,False,False,False,False,True
A000449,8477,653.03,3.0,1.6666666666666667,1.0,-0.5000000000000003,1.6666666666666667,-0.5000000000000003,17.0,-2.5,5.0,3.0,0.19999999999999996,2.95,False,True,False,True,False
A000450,89841,7755.23,4.0,29.75,29.0,-0.9000000000000008,4.0,-3.285955980719457e-16,466.0,-20.400000000000016,2.0,0.0,0.0,0.7,False,False,False,False,False
A000451,46641,4153.61,32.0,20.6875,29.0,0.3636363636363642,5.5,0.16862170087976544,303.34375,6.011180351906159,9.0,3.0,0.0,3.0666666666666664,True,False,True,False,False
A000452,31535,2333.85,24.0,10.166666666666666,10.0,0.001739130434782233,4.0,-1.3253037582320373e-16,143.45833333333334,0.8639130434782599,10.0,0.0,0.19999999999999996,1.5374999999999999,True,False,True,False,True
A000453,18856,1486.76,9.0,8.666666666666666,11.0,0.6833333333333336,6.444444444444445,0.6,133.22222222222223,10.266666666666673,3.0,0.0,0.0,2.2666666666666666,True,False,True,False,False
A000454,27914,2128.93,12.0,6.333333333333333,3.0,-0.48951048951048926,1.5833333333333333,-0.12237762237762238,101.41666666666667,-4.6188811188811165,17.0,4.0,0.11764705882352944,4.873333333333333,True,False,True,False,False
A000455,2604,200.0,2.0,2.5,3.0,0.9999999999999994,5.5,4.999999999999999,39.5,6.999999999999993,1.0,0.0,0.0,2.5,False,True,False,True,True
A000456,19074,1641.74,8.0,6.0,6.0,0.11904761904761854,3.0,-1.9088171249852354e-16,76.25,2.3095238095238058,3.0,0.0,0.0,3.733333333333333,True,False,True,False,True
A000457,4849,359.64,10.0,1.3,1.0,-0.12727272727272726,3.2,-0.1818181818181817,16.2,-1.8303030303030285,10.0,3.0,0.6,2.55,False,True,False,True,True
A000458,18558,1435.64,37.0,8.35135135135135,12.0,0.13703176861071603,4.45945945945946,0.14129919393077292,111.89189189189189,1.2814129919393074,9.0,3.0,0.11111111111111116,4.924999999999999,True,False,True,False,False
A000459,6143,577.44,6.0,2.0,2.0,1.5902414263964848e-17,3.0,-7.1104819549512e-17,27.0,1.257142857142857,2.0,0.0,0.0,3.05,False,True,False,True,True
A000460,9295,734.34,15.0,3.0,3.0,3.9801698827525604e-17,3.0,3.9801698827525604e-17,42.13333333333333,-0.7678571428571416,10.0,1.0,0.19999999999999996,4.8500000000000005,False,True,False,True,True
A000461,2972,239.65,17.0,2.0,2.0,6.347981947352304e-17,2.0,6.347981947352304e-17,28.529411764705884,-0.9264705882352928,12.0,4.0,0.16666666666666663,4.51,False,True,False,True,False
A000462,8001,750.51,6.0,1.5,1.0,-0.2571428571428573,2.5,-0.2571428571428568,18.833333333333332,-1.6285714285714272,11.0,2.0,0.18181818181818177,4.988888888888889,False,True,False,True,True
A000463,34099,2853.18,23.0,10.956521739130435,12.0,0.001976284584980218,3.0,2.3752813476359876e-17,157.65217391304347,0.8241106719367596,8.0,3.0,0.125,5.542857142857143,True,False,True,False,False
A000464,1978,200.0,16.0,2.0,2.0,1.5529913695070524e-17,4.0,3.105982739014105e-17,26.6875,0.20147058823529432,10.0,0.0,0.09999999999999998,2.855555555555555,False,True,False,True,False
A000465,15533,1399.29,1.0,5.0,5.0,0.0,3.0,0.0,81.0,0.0,0.0,0.0,0.0,0.0,True,False,True,False,True
A000466,15351,1376.35,41.0,5.0,5.0,8.068391914220483e-18,4.0,1.9791639088779583e-17,69.65853658536585,0.19024390243902484,22.0,5.0,0.045454545454545414,3.7428571428571433,True,False,True,False,True
A000467,5837,420.3,24.0,2.9166666666666665,4.0,0.07565217391304346,4.5,0.22086956521739126,43.916666666666664,1.3756521739130438,3.0,0.0,0.0,4.1000000000000005,False,True,False,True,True
A000468,1611,200.0,41.0,2.0,2.0,9.895819544389792e-18,3.0,1.6079977673893828e-17,27.121951219512194,-0.0397212543554006,25.0,2.0,0.12,4.590909090909091,False,True,False,True,False
A000469,10653,900.26,33.0,4.03030303030303,5.0,0.06116310160427809,5.454545454545454,0.15875668449197866,54.03030303030303,0.5437834224598932,14.0,0.0,0.2142857142857143,4.309090909090909,False,True,False,True,False
A000470,8143,707.56,24.0,2.0,2.0,-6.626518791160187e-17,3.0,-3.7457782053856407e-17,28.0,-0.2052173913043482,13.0,1.0,0.07692307692307687,5.175,False,True,False,True,True
A000471,28358,2470.47,34.0,12.205882352941176,18.0,0.21741787624140568,4.5,0.15416348357524828,163.44117647058823,3.472421695951108,10.0,1.0,0.0,2.46,True,False,True,False,False
A000472,7120,576.37,26.0,2.0,2.0,7.21925230105826e-18,3.0,6.297099360568438e-19,26.653846153846153,0.03863247863247873,13.0,2.0,0.07692307692307687,3.6750000000000003,False,True,False,True,True
