subscription_id,account_id,plan,mrr,billing_frequency,contract_start_date,contract_end_date,status,churn_date
S000000,A000000,Growth,2818.63,Annual,2024-08-29 02:32:10.291873,2025-08-29 02:32:10.291873,Active,
S000001,A000001,Growth,5445.96,Annual,2025-05-21 20:09:30.755158,2026-05-21 20:09:30.755158,Active,
S000002,A000002,Growth,1411.18,Monthly,2024-11-18 15:35:36.421448,,Active,
S000003,A000003,Growth,5353.96,Annual,2024-07-25 20:11:05.331064,2025-07-25 20:11:05.331064,Active,
S000004,A000004,Starter,471.53,Monthly,2026-03-17 15:12:31.226309,,Active,
S000005,A000005,Starter,431.08,Annual,2024-11-15 20:06:05.672950,2025-11-15 20:06:05.672950,Active,
S000006,A000006,Growth,1526.71,Monthly,2024-05-24 04:31:13.295294,,Active,
S000007,A000007,Growth,1668.13,Monthly,2025-09-07 05:09:24.856106,,Active,
S000008,A000008,Growth,1850.91,Monthly,2024-10-14 18:12:48.045036,,Active,
S000009,A000009,Growth,3191.03,Annual,2026-05-10 02:08:50.169417,2027-05-10 02:08:50.169417,Churned,2026-08-08 02:08:50.169417
S000010,A000010,Starter,1204.14,Annual,2024-06-12 01:34:41.840869,2025-06-12 01:34:41.840869,Active,
S000011,A000011,Growth,1945.13,Monthly,2026-06-29 01:48:48.444121,,Active,
S000012,A000012,Starter,751.27,Monthly,2026-06-10 15:27:31.347248,,Active,
S000013,A000013,Starter,620.63,Annual,2025-11-23 05:04:48.580482,2026-11-23 05:04:48.580482,Active,
S000014,A000014,Starter,1081.58,Annual,2024-05-21 00:35:16.436350,2025-05-21 00:35:16.436350,Active,
S000015,A000015,Starter,329.89,Annual,2025-08-17 10:16:11.455850,2026-08-17 10:16:11.455850,Churned,2026-01-14 10:16:11.455850
S000016,A000016,Starter,424.82,Annual,2023-07-21 09:03:59.223845,2024-07-20 09:03:59.223845,Active,
S000017,A000017,Starter,925.95,Annual,2024-11-14 07:34:10.734696,2025-11-14 07:34:10.734696,Active,
S000018,A000018,Starter,439.83,Monthly,2025-11-11 00:27:43.312924,,Active,
S000019,A000019,Starter,1036.69,Monthly,2026-03-25 09:54:25.551973,,Active,
S000020,A000020,Growth,2243.76,Monthly,2026-08-03 16:17:23.571948,,Active,
S000021,A000021,Growth,2592.58,Monthly,2024-08-05 21:58:04.474867,,Active,
S000022,A000022,Starter,279.31,Annual,2024-09-18 19:31:18.187388,2025-09-18 19:31:18.187388,Churned,2025-06-15 19:31:18.187388
S000023,A000023,Enterprise,6644.57,Annual,2025-08-01 02:08:50.987361,2026-08-01 02:08:50.987361,Active,
S000024,A000024,Starter,200.0,Annual,2025-10-21 17:08:27.237817,2026-10-21 17:08:27.237817,Active,
S000025,A000025,Growth,2616.18,Monthly,2024-05-23 23:40:37.840434,,Active,
S000026,A000026,Starter,300.46,Annual,2024-10-24 10:48:39.591604,2025-10-24 10:48:39.591604,Active,
S000027,A000027,Starter,200.0,Annual,2024-06-29 01:34:59.262721,2025-06-29 01:34:59.262721,Churned,2025-10-22 01:34:59.262721
S000028,A000028,Starter,200.0,Annual,2025-11-25 23:45:23.724817,2026-11-25 23:45:23.724817,Active,
S000029,A000029,Starter,206.32,Annual,2023-11-16 17:45:08.174729,2024-11-15 17:45:08.174729,Active,
S000030,A000030,Starter,200.0,Annual,2024-06-23 23:52:52.533218,2025-06-23 23:52:52.533218,Churned,2025-02-18 23:52:52.533218
S000031,A000031,Starter,594.47,Annual,2025-04-26 14:35:05.291074,2026-04-26 14:35:05.291074,Active,
S000032,A000032,Starter,428.92,Annual,2025-05-31 00:36:06.736712,2026-05-31 00:36:06.736712,Churned,2026-01-26 00:36:06.736712
S000033,A000033,Starter,417.08,Annual,2024-03-22 15:06:28.475013,2025-03-22 15:06:28.475013,Active,
S000034,A000034,Starter,479.6,Monthly,2024-11-01 12:35:27.481746,,Active,
S000035,A000035,Growth,3919.93,Annual,2024-11-28 03:12:17.870613,2025-11-28 03:12:17.870613,Active,
S000036,A000036,Starter,955.75,Annual,2026-09-10 22:16:06.019381,2027-09-10 22:16:06.019381,Active,
S000037,A000037,Starter,545.68,Annual,2025-03-02 06:00:14.196583,2026-03-02 06:00:14.196583,Active,
S000038,A000038,Growth,4463.62,Annual,2025-04-29 14:22:06.971223,2026-04-29 14:22:06.971223,Active,
S000039,A000039,Growth,1581.42,Monthly,2023-12-29 13:46:33.226987,,Churned,2024-03-28 13:46:33.226987
S000040,A000040,Growth,2235.94,Annual,2024-07-24 04:27:41.933470,2025-07-24 04:27:41.933470,Active,
S000041,A000041,Starter,1221.78,Annual,2023-12-09 11:35:08.470250,2024-12-08 11:35:08.470250,Active,
S000042,A000042,Enterprise,9023.51,Annual,2024-08-08 22:40:48.839131,2025-08-08 22:40:48.839131,Active,
S000043,A000043,Enterprise,7948.27,Annual,2024-02-18 01:22:35.295307,2025-02-17 01:22:35.295307,Active,
S000044,A000044,Starter,1226.71,Monthly,2023-10-09 10:19:45.718293,,Active,
S000045,A000045,Starter,1288.07,Annual,2025-10-16 03:47:35.883086,2026-10-16 03:47:35.883086,Active,
S000046,A000046,Enterprise,7295.41,Annual,2024-12-08 06:08:57.154727,2025-12-08 06:08:57.154727,Active,
S000047,A000047,Growth,1253.2,Annual,2024-05-12 21:59:22.574217,2025-05-12 21:59:22.574217,Churned,2025-03-08 21:59:22.574217
S000048,A000048,Starter,0.0,Monthly,2023-08-31 09:39:01.508682,,Active,
S000049,A000049,Growth,2970.94,Annual,2023-10-14 17:05:00.524589,2024-10-13 17:05:00.524589,Active,
S000050,A000050,Growth,1304.39,Annual,2026-09-12 04:57:42.041089,2027-09-12 04:57:42.041089,Active,
S000051,A000051,Growth,1263.56,Annual,2024-05-28 08:03:29.741135,2025-05-28 08:03:29.741135,Active,
S000052,A000052,Growth,1189.58,Monthly,2024-03-25 11:22:05.283164,,Active,
S000053,A000053,Growth,3055.83,Annual,2023-10-22 13:08:08.451942,2024-10-21 13:08:08.451942,Churned,2024-05-19 13:08:08.451942
S000054,A000054,Starter,1146.99,Monthly,2025-05-27 12:17:47.753400,,Active,
S000055,A000055,Starter,200.0,Monthly,2023-05-22 15:45:54.120726,,Active,
S000056,A000056,Starter,728.93,Monthly,2024-12-12 05:57:30.762702,,Active,
S000057,A000057,Growth,1626.4,Monthly,2024-05-22 11:40:33.924888,,Active,
S000058,A000058,Growth,2537.98,Annual,2025-10-07 11:33:50.012233,2026-10-07 11:33:50.012233,Active,
S000059,A000059,Growth,2683.25,Annual,2025-09-15 07:41:31.123071,2026-09-15 07:41:31.123071,Active,
S000060,A000060,Starter,200.0,Monthly,2024-04-07 12:07:06.333458,,Active,
S000061,A000061,Growth,3204.95,Annual,2024-09-21 18:08:21.400692,2025-09-21 18:08:21.400692,Active,
S000062,A000062,Growth,1581.69,Monthly,2026-05-30 08:23:26.475014,,Active,
S000063,A000063,Starter,1055.69,Monthly,2025-04-28 22:00:11.832584,,Active,
S000064,A000064,Growth,1545.77,Annual,2026-07-24 12:27:51.224129,2027-07-24 12:27:51.224129,Active,
S000065,A000065,Starter,1056.95,Monthly,2023-06-28 16:03:06.404359,,Active,
S000066,A000066,Growth,1549.84,Annual,2026-02-24 16:02:56.322628,2027-02-24 16:02:56.322628,Active,
S000067,A000067,Starter,864.41,Annual,2024-07-21 07:53:56.042637,2025-07-21 07:53:56.042637,Active,
S000068,A000068,Starter,789.87,Monthly,2026-08-08 12:53:49.821292,,Active,
S000069,A000069,Growth,2882.27,Annual,2023-12-13 07:41:24.044933,2024-12-12 07:41:24.044933,Active,
S000070,A000070,Growth,2970.11,Annual,2024-03-27 20:06:00.519496,2025-03-27 20:06:00.519496,Active,
S000071,A000071,Starter,549.6,Monthly,2026-07-29 20:03:56.831453,,Active,
S000072,A000072,Growth,2544.78,Annual,2026-07-05 02:59:15.468794,2027-07-05 02:59:15.468794,Active,
S000073,A000073,Starter,200.0,Monthly,2026-03-06 00:45:10.151051,,Churned,2026-08-03 00:45:10.151051
S000074,A000074,Growth,1407.98,Annual,2024-02-25 01:27:15.159709,2025-02-24 01:27:15.159709,Churned,2025-01-20 01:27:15.159709
S000075,A000075,Growth,1899.54,Monthly,2024-05-19 14:40:07.303765,,Active,
S000076,A000076,Starter,200.0,Annual,2024-05-05 07:17:34.249889,2025-05-05 07:17:34.249889,Churned,2024-10-02 07:17:34.249889
S000077,A000077,Growth,1966.2,Monthly,2026-08-07 12:14:14.117790,,Active,
S000078,A000078,Enterprise,8862.93,Annual,2023-07-26 03:23:15.830571,2024-07-25 03:23:15.830571,Active,
S000079,A000079,Starter,357.94,Annual,2025-01-27 12:06:12.273811,2026-01-27 12:06:12.273811,Churned,2025-05-27 12:06:12.273811
S000080,A000080,Starter,394.08,Monthly,2026-07-02 11:05:43.374592,,Active,
S000081,A000081,Enterprise,4954.1,Annual,2024-08-01 16:19:20.695993,2025-08-01 16:19:20.695993,Active,
S000082,A000082,Starter,415.31,Annual,2024-01-20 01:44:27.938909,2025-01-19 01:44:27.938909,Active,
S000083,A000083,Starter,1136.23,Annual,2025-05-07 14:35:13.179311,2026-05-07 14:35:13.179311,Active,
S000084,A000084,Growth,1648.44,Monthly,2025-09-01 10:32:48.694070,,Active,
S000085,A000085,Starter,718.28,Annual,2025-11-30 10:02:26.307017,2026-11-30 10:02:26.307017,Active,
S000086,A000086,Starter,1319.27,Annual,2025-07-13 17:22:34.504442,2026-07-13 17:22:34.504442,Active,
S000087,A000087,Starter,975.77,Annual,2024-01-01 23:12:29.115381,2024-12-31 23:12:29.115381,Active,
S000088,A000088,Starter,436.19,Annual,2025-09-20 01:08:38.410883,2026-09-20 01:08:38.410883,Active,
S000089,A000089,Growth,5131.19,Annual,2024-02-29 12:45:51.014451,2025-02-28 12:45:51.014451,Active,
S000090,A000090,Starter,391.97,Monthly,2026-06-24 00:42:23.654289,,Active,
S000091,A000091,Starter,890.79,Annual,2024-05-31 07:36:01.066411,2025-05-31 07:36:01.066411,Active,
S000092,A000092,Growth,1789.46,Monthly,2025-09-19 04:44:12.583421,,Active,
S000093,A000093,Starter,650.75,Annual,2024-08-25 05:46:55.150742,2025-08-25 05:46:55.150742,Active,
S000094,A000094,Growth,2605.72,Monthly,2023-11-08 09:27:30.479052,,Churned,2025-01-31 09:27:30.479052
S000095,A000095,Starter,708.4,Monthly,2026-07-26 15:21:40.843183,,Active,
S000096,A000096,Growth,1860.45,Annual,2025-01-29 15:24:48.475557,2026-01-29 15:24:48.475557,Active,
S000097,A000097,Growth,1980.97,Annual,2025-07-01 05:55:02.017884,2026-07-01 05:55:02.017884,Active,
S000098,A000098,Growth,1611.32,Monthly,2026-01-12 03:57:48.196638,,Churned,2026-05-12 03:57:48.196638
S000099,A000099,Growth,1584.09,Annual,2024-10-05 23:59:44.955274,2025-10-05 23:59:44.955274,Active,
S000100,A000100,Growth,2334.36,Annual,2024-08-30 02:19:10.681687,2025-08-30 02:19:10.681687,Active,
S000101,A000101,Starter,329.45,Annual,2025-12-02 21:30:35.720165,2026-12-02 21:30:35.720165,Active,
S000102,A000102,Starter,974.43,Annual,2025-08-30 20:32:45.182182,2026-08-30 20:32:45.182182,Active,
S000103,A000103,Growth,1338.35,Annual,2025-04-01 01:12:00.561201,2026-04-01 01:12:00.561201,Churned,2025-06-30 01:12:00.561201
S000104,A000104,Starter,852.97,Monthly,2025-08-09 19:39:53.934213,,Active,
S000105,A000105,Starter,387.54,Monthly,2023-11-19 07:54:24.631004,,Churned,2024-02-17 07:54:24.631004
S000106,A000106,Growth,2235.32,Annual,2023-11-07 06:34:48.034217,2024-11-06 06:34:48.034217,Active,
S000107,A000107,Growth,3063.61,Annual,2026-06-21 17:33:50.159269,2027-06-21 17:33:50.159269,Active,
S000108,A000108,Growth,2061.72,Monthly,2025-06-23 19:23:01.402988,,Churned,2026-07-18 19:23:01.402988
S000109,A000109,Starter,248.51,Annual,2026-04-01 06:57:17.848363,2027-04-01 06:57:17.848363,Active,
S000110,A000110,Starter,418.98,Annual,2025-04-23 06:40:06.959104,2026-04-23 06:40:06.959104,Churned,2025-07-22 06:40:06.959104
S000111,A000111,Starter,581.74,Monthly,2024-06-08 08:46:41.349069,,Active,
S000112,A000112,Growth,1538.02,Annual,2026-06-08 12:54:51.985333,2027-06-08 12:54:51.985333,Active,
S000113,A000113,Starter,205.21,Annual,2026-03-01 05:55:43.727663,2027-03-01 05:55:43.727663,Active,
S000114,A000114,Growth,2647.18,Monthly,2026-05-07 18:51:28.458037,,Active,
S000115,A000115,Growth,3608.16,Annual,2025-02-01 11:44:52.802299,2026-02-01 11:44:52.802299,Active,
S000116,A000116,Growth,2126.43,Monthly,2025-05-03 05:28:37.276864,,Active,
S000117,A000117,Starter,257.69,Annual,2026-06-10 20:03:03.323493,2027-06-10 20:03:03.323493,Active,
S000118,A000118,Growth,4171.8,Monthly,2026-02-11 06:38:44.218155,,Active,
S000119,A000119,Growth,1742.19,Annual,2026-09-08 13:39:03.482753,2027-09-08 13:39:03.482753,Active,
S000120,A000120,Enterprise,5438.27,Annual,2023-12-30 16:27:25.294593,2024-12-29 16:27:25.294593,Active,
S000121,A000121,Starter,349.88,Annual,2025-07-02 07:02:06.445625,2026-07-02 07:02:06.445625,Active,
S000122,A000122,Growth,2715.05,Annual,2026-07-21 15:24:21.049253,2027-07-21 15:24:21.049253,Active,
S000123,A000123,Growth,2322.66,Annual,2023-11-21 09:37:14.459281,2024-11-20 09:37:14.459281,Churned,2024-07-18 09:37:14.459281
S000124,A000124,Starter,488.2,Annual,2024-08-12 13:22:47.633438,2025-08-12 13:22:47.633438,Churned,2025-06-08 13:22:47.633438
S000125,A000125,Starter,580.23,Monthly,2023-10-30 22:00:56.892458,,Active,
S000126,A000126,Growth,1396.87,Annual,2024-02-03 07:33:02.020938,2025-02-02 07:33:02.020938,Churned,2025-06-27 07:33:02.020938
S000127,A000127,Growth,1655.62,Monthly,2023-11-13 12:19:54.193650,,Churned,2024-09-08 12:19:54.193650
S000128,A000128,Growth,0.0,Annual,2025-09-09 22:20:04.756238,2026-09-09 22:20:04.756238,Churned,2025-12-08 22:20:04.756238
S000129,A000129,Growth,2959.5,Monthly,2024-01-06 12:25:33.146064,,Active,
S000130,A000130,Starter,0.0,Annual,2024-06-30 14:39:25.716446,2025-06-30 14:39:25.716446,Churned,2025-04-26 14:39:25.716446
S000131,A000131,Starter,213.16,Annual,2026-04-15 15:50:25.681560,2027-04-15 15:50:25.681560,Active,
S000132,A000132,Starter,427.18,Annual,2025-05-16 12:01:53.419069,2026-05-16 12:01:53.419069,Active,
S000133,A000133,Starter,638.08,Monthly,2023-10-02 01:29:19.039808,,Active,
S000134,A000134,Starter,1151.01,Annual,2023-10-22 13:33:09.042431,2024-10-21 13:33:09.042431,Churned,2025-01-14 13:33:09.042431
S000135,A000135,Growth,3631.02,Monthly,2024-01-25 01:06:45.714545,,Churned,2024-12-20 01:06:45.714545
S000136,A000136,Starter,1049.19,Annual,2023-10-20 17:24:03.222280,2024-10-19 17:24:03.222280,Active,
S000137,A000137,Starter,0.0,Monthly,2024-07-23 08:16:24.002291,,Active,
S000138,A000138,Growth,3278.81,Monthly,2026-01-02 02:27:16.414084,,Active,
S000139,A000139,Starter,1065.08,Monthly,2025-03-25 13:09:09.044362,,Churned,2025-12-20 13:09:09.044362
S000140,A000140,Growth,3353.5,Annual,2025-07-03 14:51:20.335210,2026-07-03 14:51:20.335210,Active,
S000141,A000141,Growth,1660.89,Monthly,2023-10-01 11:37:30.729540,,Active,
S000142,A000142,Starter,731.7,Annual,2025-06-21 04:50:57.130175,2026-06-21 04:50:57.130175,Active,
S000143,A000143,Growth,1244.93,Annual,2024-11-15 03:19:26.753401,2025-11-15 03:19:26.753401,Active,
S000144,A000144,Starter,473.9,Monthly,2023-10-13 04:58:48.527124,,Active,
S000145,A000145,Growth,1646.3,Monthly,2025-10-19 05:47:04.954915,,Active,
S000146,A000146,Starter,435.11,Monthly,2026-09-14 03:31:25.204904,,Active,
S000147,A000147,Growth,1908.41,Annual,2026-01-19 16:58:12.332354,2027-01-19 16:58:12.332354,Active,
S000148,A000148,Starter,297.29,Annual,2025-08-27 01:47:57.484024,2026-08-27 01:47:57.484024,Active,
S000149,A000149,Starter,756.48,Annual,2026-03-16 18:54:05.261459,2027-03-16 18:54:05.261459,Active,
S000150,A000150,Growth,1865.38,Monthly,2025-11-17 03:30:24.779961,,Active,
S000151,A000151,Growth,2553.75,Annual,2024-10-19 17:46:28.808913,2025-10-19 17:46:28.808913,Active,
S000152,A000152,Starter,673.56,Monthly,2025-04-30 10:18:48.332557,,Active,
S000153,A000153,Starter,1016.74,Annual,2024-06-12 12:24:20.030943,2025-06-12 12:24:20.030943,Churned,2025-06-07 12:24:20.030943
S000154,A000154,Growth,2125.01,Annual,2024-11-16 21:01:16.422500,2025-11-16 21:01:16.422500,Active,
S000155,A000155,Starter,245.7,Annual,2023-11-11 17:41:36.280859,2024-11-10 17:41:36.280859,Active,
S000156,A000156,Growth,1605.69,Annual,2023-03-09 06:48:38.993542,2024-03-08 06:48:38.993542,Active,
S000157,A000157,Growth,2241.64,Annual,2025-04-01 04:19:15.459146,2026-04-01 04:19:15.459146,Active,
S000158,A000158,Growth,1366.94,Annual,2026-06-01 21:54:35.892116,2027-06-01 21:54:35.892116,Active,
S000159,A000159,Growth,1447.4,Annual,2025-12-27 04:19:30.660623,2026-12-27 04:19:30.660623,Churned,2026-03-27 04:19:30.660623
S000160,A000160,Starter,685.59,Annual,2023-05-05 02:39:54.027969,2024-05-04 02:39:54.027969,Active,
S000161,A000161,Starter,634.58,Annual,2025-05-11 22:51:28.727660,2026-05-11 22:51:28.727660,Active,
S000162,A000162,Starter,1122.43,Monthly,2024-10-28 19:22:38.874140,,Churned,2025-12-22 19:22:38.874140
S000163,A000163,Growth,3157.03,Monthly,2023-05-11 22:34:04.006403,,Churned,2024-03-06 22:34:04.006403
S000164,A000164,Starter,294.94,Annual,2026-02-25 03:55:51.711191,2027-02-25 03:55:51.711191,Active,
S000165,A000165,Growth,2341.26,Monthly,2025-07-01 14:31:37.012852,,Active,
S000166,A000166,Starter,443.52,Annual,2025-04-02 06:43:43.452586,2026-04-02 06:43:43.452586,Churned,2026-02-26 06:43:43.452586
S000167,A000167,Growth,4426.67,Monthly,2025-01-06 17:07:39.717123,,Active,
S000168,A000168,Growth,2098.56,Annual,2023-10-23 16:06:47.461942,2024-10-22 16:06:47.461942,Active,
S000169,A000169,Starter,613.13,Annual,2025-12-09 15:09:23.044899,2026-12-09 15:09:23.044899,Active,
S000170,A000170,Growth,1360.25,Monthly,2023-10-20 21:13:46.434662,,Churned,2024-05-17 21:13:46.434662
S000171,A000171,Starter,574.92,Annual,2024-07-12 00:04:19.333186,2025-07-12 00:04:19.333186,Active,
S000172,A000172,Starter,485.84,Monthly,2024-10-21 15:34:55.575164,,Churned,2025-06-18 15:34:55.575164
S000173,A000173,Starter,436.7,Annual,2026-03-21 16:34:03.150683,2027-03-21 16:34:03.150683,Active,
S000174,A000174,Growth,4031.0,Monthly,2026-05-10 19:45:10.272973,,Active,
S000175,A000175,Growth,3130.03,Annual,2023-07-21 16:04:10.670410,2024-07-20 16:04:10.670410,Active,
S000176,A000176,Starter,989.85,Annual,2026-04-01 06:23:29.049657,2027-04-01 06:23:29.049657,Churned,2026-08-29 06:23:29.049657
S000177,A000177,Starter,321.56,Annual,2026-06-30 03:43:48.150905,2027-06-30 03:43:48.150905,Active,
S000178,A000178,Starter,381.07,Annual,2026-09-01 02:34:59.209573,2027-09-01 02:34:59.209573,Active,
S000179,A000179,Starter,811.04,Monthly,2025-03-14 23:57:42.214893,,Churned,2025-10-10 23:57:42.214893
S000180,A000180,Enterprise,5375.86,Monthly,2025-10-15 10:49:36.882607,,Active,
S000181,A000181,Growth,1304.29,Monthly,2025-05-12 07:02:23.500422,,Active,
S000182,A000182,Starter,414.21,Annual,2024-04-28 05:57:19.547331,2025-04-28 05:57:19.547331,Active,
S000183,A000183,Starter,780.94,Monthly,2025-10-11 02:17:55.529948,,Active,
S000184,A000184,Growth,1284.01,Monthly,2023-11-27 18:02:13.638939,,Active,
S000185,A000185,Enterprise,5335.34,Monthly,2026-08-04 12:44:05.683137,,Active,
S000186,A000186,Starter,993.75,Monthly,2026-02-05 19:11:22.727810,,Active,
S000187,A000187,Growth,1834.08,Monthly,2026-01-05 16:03:15.700163,,Active,
S000188,A000188,Growth,3951.96,Annual,2024-11-11 07:05:54.382636,2025-11-11 07:05:54.382636,Active,
S000189,A000189,Enterprise,8152.43,Monthly,2023-06-23 04:51:52.583865,,Active,
S000190,A000190,Growth,2954.78,Annual,2023-12-27 16:54:05.364160,2024-12-26 16:54:05.364160,Churned,2024-04-25 16:54:05.364160
S000191,A000191,Growth,4772.48,Monthly,2025-12-02 07:33:09.052742,,Active,
S000192,A000192,Starter,0.0,Annual,2023-08-23 02:05:40.994137,2024-08-22 02:05:40.994137,Active,
S000193,A000193,Growth,2087.19,Annual,2024-08-12 04:32:50.125773,2025-08-12 04:32:50.125773,Active,
S000194,A000194,Starter,912.53,Annual,2025-05-05 07:29:32.096188,2026-05-05 07:29:32.096188,Active,
S000195,A000195,Starter,1312.53,Monthly,2025-05-07 19:16:38.479940,,Active,
S000196,A000196,Starter,491.75,Monthly,2023-12-09 14:55:51.078336,,Active,
S000197,A000197,Starter,519.15,Annual,2025-04-02 02:24:41.063275,2026-04-02 02:24:41.063275,Churned,2026-01-27 02:24:41.063275
S000198,A000198,Enterprise,16077.04,Monthly,2026-03-22 13:00:16.455837,,Active,
S000199,A000199,Growth,1901.21,Annual,2026-08-07 09:58:01.680808,2027-08-07 09:58:01.680808,Active,
S000200,A000200,Growth,1882.45,Annual,2025-06-22 14:24:22.696149,2026-06-22 14:24:22.696149,Active,
S000201,A000201,Growth,2371.12,Annual,2023-06-11 07:31:06.932941,2024-06-10 07:31:06.932941,Active,
S000202,A000202,Growth,1475.84,Monthly,2025-08-06 11:05:31.163167,,Churned,2026-03-04 11:05:31.163167
S000203,A000203,Growth,4394.55,Annual,2023-07-09 21:25:01.370402,2024-07-08 21:25:01.370402,Active,
S000204,A000204,Enterprise,9574.99,Annual,2024-06-04 18:43:51.001512,2025-06-04 18:43:51.001512,Active,
S000205,A000205,Starter,332.18,Annual,2025-01-04 17:06:53.072048,2026-01-04 17:06:53.072048,Active,
S000206,A000206,Growth,2063.3,Monthly,2024-11-09 19:27:22.830403,,Active,
S000207,A000207,Starter,263.27,Annual,2024-05-01 02:49:53.358535,2025-05-01 02:49:53.358535,Active,
S000208,A000208,Starter,568.51,Annual,2025-08-21 17:02:41.341490,2026-08-21 17:02:41.341490,Active,
S000209,A000209,Growth,2335.05,Annual,2025-07-09 06:35:35.131764,2026-07-09 06:35:35.131764,Active,
S000210,A000210,Growth,4008.24,Monthly,2023-07-10 13:37:59.734617,,Active,
S000211,A000211,Growth,3289.2,Annual,2024-02-11 03:27:28.068559,2025-02-10 03:27:28.068559,Churned,2024-06-10 03:27:28.068559
S000212,A000212,Enterprise,8021.36,Monthly,2026-05-19 16:34:54.423711,,Active,
S000213,A000213,Growth,3382.3,Annual,2024-01-13 00:20:01.057262,2025-01-12 00:20:01.057262,Active,
S000214,A000214,Growth,4448.42,Annual,2026-02-17 11:49:36.244354,2027-02-17 11:49:36.244354,Active,
S000215,A000215,Enterprise,6945.14,Monthly,2024-05-04 00:28:45.543238,,Active,
S000216,A000216,Starter,523.89,Annual,2024-05-14 08:25:45.989529,2025-05-14 08:25:45.989529,Active,
S000217,A000217,Growth,1195.15,Annual,2024-06-02 17:51:43.890827,2025-06-02 17:51:43.890827,Churned,2024-09-30 17:51:43.890827
S000218,A000218,Growth,3585.59,Annual,2023-07-21 11:43:59.503060,2024-07-20 11:43:59.503060,Churned,2024-09-13 11:43:59.503060
S000219,A000219,Growth,1180.55,Annual,2023-08-29 13:56:24.470790,2024-08-28 13:56:24.470790,Active,
S000220,A000220,Growth,1499.38,Annual,2025-10-12 22:30:58.056318,2026-10-12 22:30:58.056318,Churned,2026-07-09 22:30:58.056318
S000221,A000221,Starter,1134.28,Monthly,2024-01-15 17:30:38.660343,,Churned,2024-07-13 17:30:38.660343
S000222,A000222,Starter,287.61,Annual,2025-09-27 19:17:56.109895,2026-09-27 19:17:56.109895,Active,
S000223,A000223,Starter,862.09,Annual,2026-04-16 04:22:00.459120,2027-04-16 04:22:00.459120,Active,
S000224,A000224,Growth,1844.51,Annual,2026-03-13 17:13:35.637261,2027-03-13 17:13:35.637261,Active,
S000225,A000225,Starter,741.34,Monthly,2024-05-20 02:08:35.806523,,Active,
S000226,A000226,Growth,1760.63,Annual,2026-06-28 04:58:32.703508,2027-06-28 04:58:32.703508,Active,
S000227,A000227,Starter,1130.87,Annual,2024-04-09 16:41:28.595361,2025-04-09 16:41:28.595361,Active,
S000228,A000228,Starter,699.36,Monthly,2025-02-27 19:24:12.484463,,Active,
S000229,A000229,Starter,859.06,Annual,2025-05-29 22:04:59.583308,2026-05-29 22:04:59.583308,Active,
S000230,A000230,Growth,4271.16,Monthly,2024-04-09 01:52:21.759735,,Active,
S000231,A000231,Growth,2945.92,Annual,2026-06-19 19:29:05.214386,2027-06-19 19:29:05.214386,Active,
S000232,A000232,Starter,1072.7,Annual,2024-02-02 01:23:20.808622,2025-02-01 01:23:20.808622,Churned,2024-07-31 01:23:20.808622
S000233,A000233,Starter,614.82,Monthly,2024-02-10 10:30:42.043081,,Churned,2025-07-04 10:30:42.043081
S000234,A000234,Starter,704.8,Annual,2024-01-22 01:55:40.960114,2025-01-21 01:55:40.960114,Active,
S000235,A000235,Growth,3228.85,Monthly,2025-03-26 05:10:18.442707,,Active,
S000236,A000236,Starter,486.7,Annual,2026-08-09 21:59:05.608991,2027-08-09 21:59:05.608991,Active,
S000237,A000237,Starter,1292.54,Annual,2024-05-12 17:31:58.689260,2025-05-12 17:31:58.689260,Churned,2025-02-06 17:31:58.689260
S000238,A000238,Starter,269.43,Monthly,2025-01-01 14:29:07.738430,,Active,
S000239,A000239,Growth,1532.63,Monthly,2026-02-15 07:20:07.984363,,Active,
S000240,A000240,Starter,411.11,Annual,2024-10-16 19:42:36.117162,2025-10-16 19:42:36.117162,Active,
S000241,A000241,Starter,298.34,Annual,2026-04-07 20:33:27.856012,2027-04-07 20:33:27.856012,Active,
S000242,A000242,Starter,0.0,Monthly,2023-08-14 09:19:04.367412,,Active,
S000243,A000243,Starter,303.86,Monthly,2023-11-29 19:24:45.287758,,Churned,2024-10-24 19:24:45.287758
S000244,A000244,Growth,1286.52,Annual,2025-04-10 01:27:56.647170,2026-04-10 01:27:56.647170,Active,
S000245,A000245,Growth,2769.47,Monthly,2025-06-23 02:48:13.350750,,Active,
S000246,A000246,Starter,468.98,Annual,2026-06-03 17:18:27.492243,2027-06-03 17:18:27.492243,Active,
S000247,A000247,Starter,1286.44,Annual,2026-05-09 02:45:49.571495,2027-05-09 02:45:49.571495,Active,
S000248,A000248,Starter,633.57,Monthly,2026-01-12 10:30:42.853729,,Active,
S000249,A000249,Growth,2921.3,Annual,2023-09-04 10:56:05.456084,2024-09-03 10:56:05.456084,Active,
S000250,A000250,Starter,670.98,Monthly,2026-07-09 20:31:15.237022,,Active,
S000251,A000251,Growth,2043.16,Monthly,2024-07-24 12:19:16.199025,,Churned,2025-08-18 12:19:16.199025
S000252,A000252,Starter,269.33,Annual,2025-12-03 15:45:21.979164,2026-12-03 15:45:21.979164,Active,
S000253,A000253,Starter,595.14,Monthly,2023-04-21 20:00:49.959873,,Churned,2024-04-15 20:00:49.959873
S000254,A000254,Enterprise,5168.95,Monthly,2024-08-14 17:36:20.035116,,Active,
S000255,A000255,Growth,3117.44,Annual,2025-08-27 12:22:28.154466,2026-08-27 12:22:28.154466,Active,
S000256,A000256,Starter,659.29,Monthly,2023-07-27 19:55:01.726952,,Active,
S000257,A000257,Growth,3520.09,Monthly,2025-08-07 07:35:36.676286,,Active,
S000258,A000258,Starter,522.27,Monthly,2026-06-20 16:59:57.647220,,Active,
S000259,A000259,Growth,3820.89,Monthly,2023-11-11 20:32:52.124833,,Active,
S000260,A000260,Starter,297.97,Monthly,2025-02-05 09:24:39.499310,,Active,
S000261,A000261,Starter,200.0,Monthly,2026-04-20 08:49:31.281746,,Active,
S000262,A000262,Growth,4976.71,Annual,2026-08-18 23:53:06.994764,2027-08-18 23:53:06.994764,Active,
S000263,A000263,Growth,1761.22,Annual,2023-11-19 21:04:26.399543,2024-11-18 21:04:26.399543,Active,
S000264,A000264,Starter,659.42,Monthly,2025-10-21 01:49:17.847300,,Active,
S000265,A000265,Growth,1892.49,Monthly,2025-12-17 04:31:55.085208,,Active,
S000266,A000266,Growth,1574.06,Monthly,2025-06-05 12:18:42.377175,,Churned,2026-01-01 12:18:42.377175
S000267,A000267,Starter,200.0,Annual,2026-01-17 22:23:27.059424,2027-01-17 22:23:27.059424,Active,
S000268,A000268,Growth,2521.43,Annual,2026-07-13 23:37:18.998300,2027-07-13 23:37:18.998300,Active,
S000269,A000269,Starter,1092.98,Annual,2024-12-13 11:06:07.968070,2025-12-13 11:06:07.968070,Active,
S000270,A000270,Starter,838.76,Monthly,2025-10-06 06:15:18.471085,,Active,
S000271,A000271,Growth,2147.61,Annual,2026-03-16 16:18:48.068650,2027-03-16 16:18:48.068650,Active,
S000272,A000272,Growth,1557.87,Monthly,2025-10-03 23:41:16.428124,,Active,
S000273,A000273,Starter,525.97,Annual,2025-04-10 06:02:09.401001,2026-04-10 06:02:09.401001,Churned,2026-03-06 06:02:09.401001
S000274,A000274,Growth,1451.69,Monthly,2026-05-11 21:57:20.298947,,Active,
S000275,A000275,Starter,623.31,Annual,2025-06-13 18:05:40.553378,2026-06-13 18:05:40.553378,Active,
S000276,A000276,Growth,3441.81,Monthly,2025-09-27 11:55:41.455442,,Active,
S000277,A000277,Growth,1966.65,Annual,2025-04-06 19:56:02.777163,2026-04-06 19:56:02.777163,Active,
S000278,A000278,Starter,375.26,Monthly,2023-08-22 05:10:13.123059,,Active,
S000279,A000279,Starter,601.04,Monthly,2023-08-31 22:43:03.419936,,Churned,2025-01-22 22:43:03.419936
S000280,A000280,Growth,1672.62,Monthly,2026-06-10 11:23:02.760304,,Active,
S000281,A000281,Growth,1623.74,Monthly,2026-05-21 03:58:21.919510,,Active,
S000282,A000282,Growth,1234.29,Annual,2026-05-17 06:06:02.413006,2027-05-17 06:06:02.413006,Churned,2026-08-15 06:06:02.413006
S000283,A000283,Growth,4337.08,Annual,2026-08-30 10:18:04.861587,2027-08-30 10:18:04.861587,Active,
S000284,A000284,Growth,4409.2,Annual,2024-12-18 01:12:28.491866,2025-12-18 01:12:28.491866,Active,
S000285,A000285,Growth,3103.39,Annual,2024-12-04 20:23:02.057202,2025-12-04 20:23:02.057202,Churned,2026-02-27 20:23:02.057202
S000286,A000286,Starter,205.02,Annual,2023-11-29 11:05:02.199267,2024-11-28 11:05:02.199267,Churned,2024-04-27 11:05:02.199267
S000287,A000287,Growth,5104.97,Monthly,2026-05-06 12:44:54.956477,,Active,
S000288,A000288,Growth,1908.74,Annual,2023-05-20 19:41:52.995505,2024-05-19 19:41:52.995505,Active,
S000289,A000289,Starter,564.11,Annual,2025-07-28 10:21:41.320081,2026-07-28 10:21:41.320081,Active,
S000290,A000290,Starter,437.39,Annual,2024-04-19 04:14:34.338618,2025-04-19 04:14:34.338618,Active,
S000291,A000291,Starter,246.14,Monthly,2024-11-15 13:57:45.491399,,Active,
S000292,A000292,Starter,697.95,Monthly,2024-05-24 22:54:39.154021,,Active,
S000293,A000293,Starter,904.29,Annual,2025-08-06 19:43:34.854113,2026-08-06 19:43:34.854113,Active,
S000294,A000294,Growth,4055.0,Annual,2023-08-19 08:20:32.870369,2024-08-18 08:20:32.870369,Active,
S000295,A000295,Starter,1023.14,Monthly,2024-05-13 06:50:45.602672,,Active,
S000296,A000296,Growth,3668.78,Annual,2024-09-19 07:24:30.474016,2025-09-19 07:24:30.474016,Active,
S000297,A000297,Starter,914.02,Annual,2024-09-27 01:54:19.301480,2025-09-27 01:54:19.301480,Active,
S000298,A000298,Growth,2858.63,Annual,2025-11-14 07:59:55.667031,2026-11-14 07:59:55.667031,Active,
S000299,A000299,Growth,4325.61,Monthly,2023-10-16 10:59:05.470511,,Active,
S000300,A000300,Starter,642.44,Monthly,2024-03-03 12:30:22.938793,,Active,
S000301,A000301,Growth,1464.23,Monthly,2025-12-03 14:57:03.809388,,Active,
S000302,A000302,Starter,837.9,Monthly,2024-02-14 19:49:25.267728,,Active,
S000303,A000303,Starter,803.99,Annual,2026-02-21 15:21:24.036395,2027-02-21 15:21:24.036395,Active,
S000304,A000304,Starter,1262.73,Monthly,2026-07-05 20:36:37.396110,,Active,
S000305,A000305,Growth,2152.54,Annual,2024-01-22 09:29:52.859825,2025-01-21 09:29:52.859825,Active,
S000306,A000306,Starter,968.13,Annual,2026-01-27 16:25:12.504725,2027-01-27 16:25:12.504725,Active,
S000307,A000307,Starter,755.09,Monthly,2023-08-04 21:39:47.998958,,Active,
S000308,A000308,Growth,4084.2,Monthly,2026-06-25 02:38:12.700742,,Active,
S000309,A000309,Growth,1370.54,Annual,2026-05-17 20:28:54.230694,2027-05-17 20:28:54.230694,Active,
S000310,A000310,Starter,200.0,Annual,2023-12-28 20:20:12.563343,2024-12-27 20:20:12.563343,Active,
S000311,A000311,Starter,396.85,Monthly,2024-10-30 23:57:56.898325,,Active,
S000312,A000312,Growth,1918.75,Annual,2024-07-16 11:33:31.480933,2025-07-16 11:33:31.480933,Active,
S000313,A000313,Growth,3018.34,Monthly,2025-08-29 06:53:07.764550,,Active,
S000314,A000314,Growth,2120.49,Monthly,2024-07-10 01:52:16.460051,,Active,
S000315,A000315,Enterprise,13404.8,Monthly,2024-09-13 19:01:22.219931,,Churned,2025-06-10 19:01:22.219931
S000316,A000316,Growth,2319.3,Annual,2026-01-18 02:32:11.287035,2027-01-18 02:32:11.287035,Active,
S000317,A000317,Growth,2635.61,Annual,2025-09-08 09:01:57.998095,2026-09-08 09:01:57.998095,Active,
S000318,A000318,Growth,4090.47,Annual,2025-09-03 17:28:59.270233,2026-09-03 17:28:59.270233,Active,
S000319,A000319,Growth,2565.79,Annual,2024-12-25 23:30:08.427563,2025-12-25 23:30:08.427563,Active,
S000320,A000320,Starter,908.44,Annual,2024-02-29 12:51:16.706660,2025-02-28 12:51:16.706660,Active,
S000321,A000321,Starter,267.18,Annual,2026-06-17 21:06:55.709198,2027-06-17 21:06:55.709198,Active,
S000322,A000322,Starter,646.57,Annual,2026-08-05 18:26:49.275841,2027-08-05 18:26:49.275841,Active,
S000323,A000323,Growth,2762.84,Monthly,2024-03-27 04:50:10.909400,,Churned,2024-10-23 04:50:10.909400
S000324,A000324,Growth,3114.73,Annual,2023-06-14 05:45:26.990948,2024-06-13 05:45:26.990948,Active,
S000325,A000325,Growth,3756.47,Annual,2025-04-28 00:02:07.398818,2026-04-28 00:02:07.398818,Active,
S000326,A000326,Starter,279.58,Annual,2025-11-03 19:42:18.184777,2026-11-03 19:42:18.184777,Active,
S000327,A000327,Starter,538.28,Annual,2025-07-01 05:29:40.326934,2026-07-01 05:29:40.326934,Active,
S000328,A000328,Growth,2706.23,Annual,2026-06-22 21:47:40.982032,2027-06-22 21:47:40.982032,Active,
S000329,A000329,Growth,2722.09,Monthly,2023-09-27 18:52:38.846093,,Active,
S000330,A000330,Growth,3800.11,Annual,2026-07-11 19:31:18.297216,2027-07-11 19:31:18.297216,Active,
S000331,A000331,Starter,894.85,Monthly,2025-11-28 16:46:12.130187,,Active,
S000332,A000332,Starter,533.9,Monthly,2025-06-14 03:34:08.851583,,Active,
S000333,A000333,Starter,485.99,Monthly,2023-09-09 14:43:27.808925,,Active,
S000334,A000334,Growth,3155.24,Annual,2023-09-01 16:40:29.430653,2024-08-31 16:40:29.430653,Active,
S000335,A000335,Starter,652.77,Monthly,2025-10-06 11:40:46.930084,,Churned,2026-03-05 11:40:46.930084
S000336,A000336,Starter,1075.09,Annual,2025-11-17 13:45:26.655073,2026-11-17 13:45:26.655073,Churned,2026-04-16 13:45:26.655073
S000337,A000337,Starter,789.8,Annual,2025-12-07 06:06:59.751687,2026-12-07 06:06:59.751687,Active,
S000338,A000338,Growth,2604.1,Annual,2025-08-27 22:04:54.122865,2026-08-27 22:04:54.122865,Active,
S000339,A000339,Enterprise,6249.88,Monthly,2025-10-25 03:41:33.427293,,Active,
S000340,A000340,Starter,693.24,Annual,2025-01-06 09:49:22.429417,2026-01-06 09:49:22.429417,Active,
S000341,A000341,Starter,766.41,Monthly,2025-09-02 01:54:37.043099,,Active,
S000342,A000342,Growth,2592.21,Monthly,2024-03-14 03:26:31.410064,,Active,
S000343,A000343,Growth,1349.97,Annual,2026-03-11 09:33:17.094044,2027-03-11 09:33:17.094044,Active,
S000344,A000344,Starter,984.08,Monthly,2023-09-12 19:00:13.025530,,Active,
S000345,A000345,Growth,4345.22,Monthly,2024-07-24 22:07:40.292710,,Churned,2025-02-19 22:07:40.292710
S000346,A000346,Starter,700.36,Monthly,2025-02-16 20:35:11.180501,,Churned,2025-06-16 20:35:11.180501
S000347,A000347,Starter,361.74,Annual,2025-02-12 09:14:51.921177,2026-02-12 09:14:51.921177,Churned,2026-02-07 09:14:51.921177
S000348,A000348,Starter,741.43,Monthly,2023-11-06 14:08:35.820766,,Active,
S000349,A000349,Starter,825.45,Annual,2025-08-21 10:23:15.492341,2026-08-21 10:23:15.492341,Active,
S000350,A000350,Starter,964.47,Annual,2024-07-19 21:48:29.692046,2025-07-19 21:48:29.692046,Churned,2025-04-15 21:48:29.692046
S000351,A000351,Growth,4673.02,Annual,2026-03-21 05:49:24.956840,2027-03-21 05:49:24.956840,Active,
S000352,A000352,Starter,511.3,Monthly,2023-07-05 11:17:09.680446,,Churned,2024-05-30 11:17:09.680446
S000353,A000353,Growth,1452.88,Monthly,2025-01-18 23:02:12.979700,,Active,
S000354,A000354,Starter,279.89,Annual,2026-09-10 02:57:06.530805,2027-09-10 02:57:06.530805,Active,
S000355,A000355,Starter,369.47,Monthly,2026-06-18 06:23:33.310374,,Active,
S000356,A000356,Growth,1783.57,Annual,2025-08-28 00:45:03.306014,2026-08-28 00:45:03.306014,Active,
S000357,A000357,Growth,4992.42,Monthly,2023-09-02 15:06:22.543536,,Active,
S000358,A000358,Starter,1091.54,Annual,2025-06-06 22:40:21.422068,2026-06-06 22:40:21.422068,Churned,2025-10-04 22:40:21.422068
S000359,A000359,Growth,1345.83,Monthly,2024-04-15 03:19:50.626620,,Active,
S000360,A000360,Growth,2044.31,Monthly,2025-02-27 10:21:31.320096,,Active,
S000361,A000361,Growth,2186.34,Monthly,2024-05-31 10:35:37.276726,,Active,
S000362,A000362,Starter,208.41,Annual,2025-10-29 22:13:57.653023,2026-10-29 22:13:57.653023,Active,
S000363,A000363,Enterprise,6685.28,Annual,2025-08-27 23:42:19.119285,2026-08-27 23:42:19.119285,Active,
S000364,A000364,Starter,961.63,Annual,2023-10-09 07:36:12.627463,2024-10-08 07:36:12.627463,Active,
S000365,A000365,Starter,1206.17,Annual,2023-09-11 17:44:51.325884,2024-09-10 17:44:51.325884,Active,
S000366,A000366,Growth,4042.41,Annual,2023-11-17 18:57:38.292183,2024-11-16 18:57:38.292183,Active,
S000367,A000367,Starter,453.21,Annual,2024-05-24 02:43:36.175362,2025-05-24 02:43:36.175362,Churned,2024-10-21 02:43:36.175362
S000368,A000368,Starter,892.87,Annual,2025-05-13 12:06:09.618924,2026-05-13 12:06:09.618924,Active,
S000369,A000369,Growth,2889.54,Annual,2025-09-15 17:03:19.293985,2026-09-15 17:03:19.293985,Active,
S000370,A000370,Growth,2357.13,Annual,2023-08-01 20:14:59.007459,2024-07-31 20:14:59.007459,Active,
S000371,A000371,Growth,1451.32,Monthly,2026-03-03 21:04:12.532059,,Active,
S000372,A000372,Growth,1857.63,Monthly,2024-09-07 10:34:43.825824,,Active,
S000373,A000373,Growth,2592.39,Monthly,2023-08-14 20:00:58.695614,,Active,
S000374,A000374,Growth,3095.59,Monthly,2024-07-04 18:51:39.316565,,Churned,2025-06-29 18:51:39.316565
S000375,A000375,Growth,3048.85,Annual,2026-03-10 16:55:16.721676,2027-03-10 16:55:16.721676,Active,
S000376,A000376,Starter,441.77,Monthly,2025-06-28 12:50:17.762631,,Churned,2026-04-24 12:50:17.762631
S000377,A000377,Growth,2477.41,Annual,2025-11-07 15:21:43.712303,2026-11-07 15:21:43.712303,Active,
S000378,A000378,Starter,557.08,Monthly,2025-07-16 12:35:00.190559,,Active,
S000379,A000379,Starter,1013.21,Annual,2026-07-06 04:32:10.649802,2027-07-06 04:32:10.649802,Active,
S000380,A000380,Starter,267.62,Monthly,2025-07-29 04:09:59.421125,,Churned,2025-10-27 04:09:59.421125
S000381,A000381,Starter,338.95,Annual,2024-07-09 05:19:34.807911,2025-07-09 05:19:34.807911,Active,
S000382,A000382,Growth,4005.39,Annual,2023-06-29 15:34:46.529813,2024-06-28 15:34:46.529813,Active,
S000383,A000383,Starter,905.2,Annual,2025-01-05 12:51:27.458638,2026-01-05 12:51:27.458638,Active,
S000384,A000384,Starter,317.44,Monthly,2024-02-27 11:08:13.358699,,Active,
S000385,A000385,Starter,953.4,Annual,2026-08-31 14:44:10.112290,2027-08-31 14:44:10.112290,Active,
S000386,A000386,Starter,685.7,Monthly,2024-11-13 09:44:06.884110,,Churned,2025-03-13 09:44:06.884110
S000387,A000387,Growth,1807.87,Monthly,2024-07-24 06:17:50.827341,,Active,
S000388,A000388,Growth,1314.8,Annual,2024-07-15 07:21:15.952279,2025-07-15 07:21:15.952279,Active,
S000389,A000389,Growth,3027.88,Monthly,2024-11-19 13:32:05.391303,,Active,
S000390,A000390,Starter,1279.83,Annual,2024-01-21 03:51:45.792369,2025-01-20 03:51:45.792369,Active,
S000391,A000391,Starter,522.25,Monthly,2026-05-16 22:54:24.815982,,Active,
S000392,A000392,Starter,1086.67,Annual,2025-04-22 20:33:25.972152,2026-04-22 20:33:25.972152,Churned,2026-01-17 20:33:25.972152
S000393,A000393,Growth,3308.74,Annual,2023-06-10 16:37:36.257747,2024-06-09 16:37:36.257747,Active,
S000394,A000394,Starter,505.54,Annual,2026-05-16 03:09:26.646359,2027-05-16 03:09:26.646359,Active,
S000395,A000395,Starter,420.67,Annual,2023-05-17 20:20:40.521093,2024-05-16 20:20:40.521093,Active,
S000396,A000396,Growth,2904.67,Annual,2025-01-04 07:53:19.605250,2026-01-04 07:53:19.605250,Churned,2025-05-04 07:53:19.605250
S000397,A000397,Starter,0.0,Annual,2023-04-30 11:22:40.937644,2024-04-29 11:22:40.937644,Active,
S000398,A000398,Growth,1655.52,Annual,2026-08-21 17:08:39.014009,2027-08-21 17:08:39.014009,Active,
S000399,A000399,Starter,380.3,Monthly,2024-01-23 06:14:29.313286,,Active,
S000400,A000400,Growth,2925.08,Annual,2025-05-07 06:22:33.687845,2026-05-07 06:22:33.687845,Active,
S000401,A000401,Growth,1892.84,Annual,2025-02-04 22:12:34.474151,2026-02-04 22:12:34.474151,Churned,2025-05-05 22:12:34.474151
S000402,A000402,Starter,-50.0,Annual,2025-03-14 05:08:56.129871,2026-03-14 05:08:56.129871,Active,
S000403,A000403,Starter,948.46,Annual,2024-06-05 13:06:51.136484,2025-06-05 13:06:51.136484,Active,
S000404,A000404,Growth,1382.07,Annual,2026-04-13 20:08:53.831013,2027-04-13 20:08:53.831013,Active,
S000405,A000405,Starter,839.19,Monthly,2024-05-11 08:18:03.941291,,Active,
S000406,A000406,Starter,513.51,Monthly,2024-08-30 22:58:27.768821,,Churned,2025-09-24 22:58:27.768821
S000407,A000407,Starter,771.04,Annual,2024-12-19 21:02:10.397444,2025-12-19 21:02:10.397444,Active,
S000408,A000408,Starter,200.0,Monthly,2025-08-19 22:37:56.742664,,Active,
S000409,A000409,Starter,483.51,Monthly,2026-02-08 21:19:46.022460,,Active,
S000410,A000410,Starter,660.82,Monthly,2024-01-18 10:01:37.585535,,Active,
S000411,A000411,Growth,2201.41,Monthly,2026-01-22 09:02:29.169172,,Active,
S000412,A000412,Growth,1914.5,Monthly,2025-05-14 16:26:42.689779,,Active,
S000413,A000413,Starter,535.39,Annual,2025-12-26 19:38:11.090122,2026-12-26 19:38:11.090122,Active,
S000414,A000414,Starter,362.32,Monthly,2025-08-15 07:17:19.987888,,Active,
S000415,A000415,Growth,1652.14,Monthly,2024-08-25 13:51:24.883938,,Active,
S000416,A000416,Starter,326.75,Monthly,2025-01-29 07:17:02.100596,,Active,
S000417,A000417,Starter,389.84,Monthly,2024-05-16 20:16:04.272448,,Active,
S000418,A000418,Growth,2936.17,Annual,2026-01-22 04:07:38.949416,2027-01-22 04:07:38.949416,Active,
S000419,A000419,Growth,1722.13,Annual,2024-04-07 14:31:57.317492,2025-04-07 14:31:57.317492,Active,
S000420,A000420,Growth,1840.32,Monthly,2024-10-30 15:13:55.659760,,Active,
S000421,A000421,Starter,241.41,Annual,2026-09-03 17:15:41.293039,2027-09-03 17:15:41.293039,Active,
S000422,A000422,Starter,330.66,Annual,2023-12-21 15:25:47.125286,2024-12-20 15:25:47.125286,Active,
S000423,A000423,Starter,220.14,Annual,2025-08-19 11:07:16.620298,2026-08-19 11:07:16.620298,Active,
S000424,A000424,Growth,1251.59,Monthly,2023-06-29 04:17:47.737255,,Churned,2023-12-26 04:17:47.737255
S000425,A000425,Growth,1933.12,Annual,2026-05-17 15:43:07.022200,2027-05-17 15:43:07.022200,Active,
S000426,A000426,Starter,236.08,Monthly,2024-07-17 13:23:10.401553,,Active,
S000427,A000427,Growth,2491.18,Annual,2026-01-14 07:40:13.539851,2027-01-14 07:40:13.539851,Churned,2026-07-13 07:40:13.539851
S000428,A000428,Growth,1530.17,Annual,2026-04-30 16:02:51.435050,2027-04-30 16:02:51.435050,Active,
S000429,A000429,Starter,309.02,Annual,2023-04-22 01:34:14.813344,2024-04-21 01:34:14.813344,Active,
S000430,A000430,Starter,455.1,Annual,2026-05-11 13:11:05.345103,2027-05-11 13:11:05.345103,Active,
S000431,A000431,Growth,3394.8,Annual,2026-06-28 15:03:37.299939,2027-06-28 15:03:37.299939,Active,
S000432,A000432,Growth,2507.37,Monthly,2023-05-05 16:53:12.534833,,Active,
S000433,A000433,Starter,1299.48,Monthly,2025-12-08 21:16:21.373659,,Active,
S000434,A000434,Starter,337.42,Monthly,2024-09-03 06:27:17.943815,,Active,
S000435,A000435,Growth,2319.62,Annual,2024-07-28 14:36:28.989045,2025-07-28 14:36:28.989045,Active,
S000436,A000436,Starter,351.21,Annual,2026-05-01 16:50:37.816954,2027-05-01 16:50:37.816954,Active,
S000437,A000437,Growth,1442.25,Annual,2025-07-13 05:49:45.934541,2026-07-13 05:49:45.934541,Active,
S000438,A000438,Growth,1211.91,Annual,2024-04-24 17:50:23.529608,2025-04-24 17:50:23.529608,Churned,2024-12-20 17:50:23.529608
S000439,A000439,Growth,2713.83,Monthly,2024-01-26 02:31:07.409545,,Active,
S000440,A000440,Growth,1550.04,Monthly,2026-05-01 01:48:11.728874,,Active,
S000441,A000441,Growth,4532.83,Annual,2024-07-23 06:55:27.373886,2025-07-23 06:55:27.373886,Active,
S000442,A000442,Growth,2008.71,Monthly,2024-01-22 04:44:27.482120,,Active,
S000443,A000443,Starter,334.1,Annual,2023-11-27 04:13:34.192741,2024-11-26 04:13:34.192741,Active,
S000444,A000444,Growth,2260.66,Monthly,2026-01-05 16:54:11.878225,,Churned,2026-07-04 16:54:11.878225
S000445,A000445,Enterprise,8500.36,Annual,2024-03-16 05:55:24.361741,2025-03-16 05:55:24.361741,Active,
S000446,A000446,Starter,420.91,Annual,2026-03-11 03:50:02.412211,2027-03-11 03:50:02.412211,Active,
S000447,A000447,Enterprise,5988.93,Annual,2025-07-20 02:27:05.953551,2026-07-20 02:27:05.953551,Active,
S000448,A000448,Enterprise,-50.0,Monthly,2025-06-23 15:13:18.757849,,Active,
S000449,A000449,Starter,653.03,Annual,2026-01-17 08:00:39.894467,2027-01-17 08:00:39.894467,Churned,2026-04-17 08:00:39.894467
S000450,A000450,Enterprise,7755.23,Annual,2026-04-25 06:14:37.805626,2027-04-25 06:14:37.805626,Active,
S000451,A000451,Growth,4153.61,Annual,2023-12-23 08:00:35.492154,2024-12-22 08:00:35.492154,Active,
S000452,A000452,Growth,2333.85,Monthly,2024-08-22 17:44:14.406576,,Active,
S000453,A000453,Growth,1486.76,Annual,2025-11-11 03:22:38.887137,2026-11-11 03:22:38.887137,Active,
S000454,A000454,Growth,2128.93,Annual,2024-09-11 09:37:26.843865,2025-09-11 09:37:26.843865,Churned,2025-10-06 09:37:26.843865
S000455,A000455,Starter,200.0,Monthly,2026-06-28 00:19:32.298665,,Active,
S000456,A000456,Growth,1641.74,Monthly,2025-12-09 10:02:59.182824,,Active,
S000457,A000457,Starter,359.64,Monthly,2023-09-03 11:28:31.113104,,Churned,2024-07-29 11:28:31.113104
S000458,A000458,Growth,1435.64,Annual,2023-06-27 18:00:54.305359,2024-06-26 18:00:54.305359,Active,
S000459,A000459,Starter,577.44,Monthly,2026-02-05 21:43:22.396258,,Active,
S000460,A000460,Starter,734.34,Monthly,2025-05-16 00:00:00.000000,,Active,
S000461,A000461,Starter,239.65,Annual,2025-02-02 00:00:00.000000,2026-02-02 00:00:00.000000,Active,
S000462,A000462,Starter,750.51,Monthly,2023-06-05 00:00:00.000000,,Churned,2024-01-01 00:00:00.000000
S000463,A000463,Growth,2853.18,Annual,2024-07-27 00:00:00.000000,2025-07-27 00:00:00.000000,Active,
S000464,A000464,Starter,200.0,Annual,2025-05-05 00:00:00.000000,2026-05-05 00:00:00.000000,Active,
S000465,A000465,Growth,1399.29,Monthly,2026-08-31 00:00:00.000000,,Active,
S000466,A000466,Growth,1376.35,Monthly,2023-02-15 00:00:00.000000,,Active,
S000467,A000467,Starter,420.3,Monthly,2024-09-01 00:00:00.000000,,Active,
S000468,A000468,Starter,200.0,Annual,2023-03-13 00:00:00.000000,2024-03-12 00:00:00.000000,Active,
S000469,A000469,Starter,900.26,Annual,2023-09-03 00:00:00.000000,2024-09-02 00:00:00.000000,Active,
S000470,A000470,Starter,707.56,Monthly,2024-09-10 00:00:00.000000,,Active,
S000471,A000471,Growth,2470.47,Annual,2023-10-18 00:00:00.000000,2024-10-17 00:00:00.000000,Active,
S000472,A000472,Starter,576.37,Monthly,2024-06-22 00:00:00.000000,,Active,
